ISO-10303-21;
HEADER;
FILE_DESCRIPTION (( 'STEP AP203' ),
    '1' );
FILE_NAME ('9271K863_Torsion Spring.STEP',
    '2023-02-03T16:58:55',
    ( 'Administrator' ),
    ( 'Managed by Terraform' ),
    'SwSTEP 2.0',
    'SolidWorks 2017',
    '' );
FILE_SCHEMA (( 'CONFIG_CONTROL_DESIGN' ));
ENDSEC;

DATA;
#1 = CARTESIAN_POINT ( 'NONE',  ( -0.007169276604286009700, -0.1116142252927575100, 0.06417671100407787400 ) ) ;
#2 = CARTESIAN_POINT ( 'NONE',  ( -0.08883072339571379500, -0.09661422529275628900, -0.05551645696623559000 ) ) ;
#3 = CARTESIAN_POINT ( 'NONE',  ( -0.03250260993761929600, 0.1115000000000000200, 0.0001978440105654593400 ) ) ;
#4 = CARTESIAN_POINT ( 'NONE',  ( -0.1154973900623804000, 0.0002284505855125597900, 0.1114286019535977900 ) ) ;
#5 = CARTESIAN_POINT ( 'NONE',  ( -0.09816405672904710000, 0.04842133793913445300, 0.08347252945991667800 ) ) ;
#6 = CARTESIAN_POINT ( 'NONE',  ( -0.08983594327095249800, -0.09638577470724257700, -0.05591214498736418700 ) ) ;
#7 = LOCAL_TIME ( 10, 58, 55.00000000000000000, #1005 ) ;
#8 = CARTESIAN_POINT ( 'NONE',  ( -0.07549739006238050100, -0.0002284505855125460800, -0.1114286019535977900 ) ) ;
#9 = CARTESIAN_POINT ( 'NONE',  ( -0.01116927660428600000, -0.05557866206086371100, -0.09666075452724765000 ) ) ;
#10 = VERTEX_POINT ( 'NONE', #176 ) ;
#11 = CARTESIAN_POINT ( 'NONE',  ( -0.007497390062380626300, -0.08150000000000001700, 0.0001978440105634513700 ) ) ;
#12 = CARTESIAN_POINT ( 'NONE',  ( -0.05816405672904718900, -0.04092133793913456400, -0.07048214840315004900 ) ) ;
#13 = CARTESIAN_POINT ( 'NONE',  ( -0.1205026099376191000, -0.09650000000000001600, -0.0001978440105653098000 ) ) ;
#14 = CARTESIAN_POINT ( 'NONE',  ( -0.08616405672904713100, -0.09638577470724370200, 0.05591214498736223800 ) ) ;
#15 = CARTESIAN_POINT ( 'NONE',  ( -0.08616405672904713100, -0.09638577470724370200, 0.05591214498736223800 ) ) ;
#16 = CARTESIAN_POINT ( 'NONE',  ( -0.05383594327095259100, -0.05592133793913622900, 0.09646291051668223800 ) ) ;
#17 = CARTESIAN_POINT ( 'NONE',  ( -0.1261640567290470400, 0.09638577470724371500, -0.05591214498736221700 ) ) ;
#18 = CARTESIAN_POINT ( 'NONE',  ( -0.02616405672904725100, -0.04092133793913456400, -0.07048214840315004900 ) ) ;
#19 = CARTESIAN_POINT ( 'NONE',  ( -0.03416405672904724400, 0.04092133793913459200, 0.07048214840315002200 ) ) ;
#20 = CARTESIAN_POINT ( 'NONE',  ( -0.001835943270952687000, 0.1113857747072424900, 0.06457239902520871300 ) ) ;
#21 = CARTESIAN_POINT ( 'NONE',  ( 0.004830723395713968800, -0.04807866206086386400, -0.08367037347048099400 ) ) ;
#22 = CARTESIAN_POINT ( 'NONE',  ( -0.06050260993761923100, 0.0002284505855150540500, -0.1287491100292865500 ) ) ;
#23 = CARTESIAN_POINT ( 'NONE',  ( -0.02349739006238059000, -0.08150000000000001700, 0.0001978440105634513700 ) ) ;
#24 = CARTESIAN_POINT ( 'NONE',  ( -0.07683072339571381200, 0.04057866206086544600, -0.07067999241371350500 ) ) ;
#25 = CARTESIAN_POINT ( 'NONE',  ( 0.006164056729047296700, -0.1113857747072424700, -0.06457239902520872700 ) ) ;
#26 = DIRECTION ( 'NONE',  ( 0.9996520083174173000, 0.0000000000000000000, -0.02637920140857319800 ) ) ;
#27 = CARTESIAN_POINT ( 'NONE',  ( -0.08850260993761918700, -0.1115000000000000200, -0.0001978440105654729500 ) ) ;
#28 = CARTESIAN_POINT ( 'NONE',  ( -0.03416405672904724400, 0.04092133793913459200, 0.07048214840315002200 ) ) ;
#29 = CARTESIAN_POINT ( 'NONE',  ( -0.05016405672904721000, 0.04092133793913459200, 0.07048214840315002200 ) ) ;
#30 = ORIENTED_EDGE ( 'NONE', *, *, #565, .T. ) ;
#31 = CARTESIAN_POINT ( 'NONE',  ( -0.07916927660428588200, 0.1116142252927575100, -0.06417671100407783300 ) ) ;
#32 = CARTESIAN_POINT ( 'NONE',  ( -0.08583594327095252200, -0.05592133793913622900, 0.09646291051668223800 ) ) ;
#33 = CARTESIAN_POINT ( 'NONE',  ( -0.01816405672904727200, 0.04092133793913459200, 0.07048214840315002200 ) ) ;
#34 = CARTESIAN_POINT ( 'NONE',  ( -0.08083072339571381600, 0.08161422529275638700, 0.04685620292839103000 ) ) ;
#35 = CARTESIAN_POINT ( 'NONE',  ( -0.06050260993761923100, 0.0002284505855150540500, -0.1287491100292865500 ) ) ;
#36 = DIRECTION ( 'NONE',  ( -0.9996520083174170700, 0.0000000000000000000, -0.02637920140858221100 ) ) ;
#37 = CARTESIAN_POINT ( 'NONE',  ( -0.01016405672904729400, -0.05592133793913427900, -0.09646291051668333400 ) ) ;
#38 = CARTESIAN_POINT ( 'NONE',  ( -0.03549739006238057700, 0.0002284505855127448900, 0.09410809387790901300 ) ) ;
#39 = CARTESIAN_POINT ( 'NONE',  ( -0.03650260993761927900, -0.0002284505855146678600, 0.09410809387790901300 ) ) ;
#40 = CARTESIAN_POINT ( 'NONE',  ( -0.09250260993761914900, 0.0002284505855150540500, -0.1287491100292865500 ) ) ;
#41 = CARTESIAN_POINT ( 'NONE',  ( -0.02616405672904725800, -0.04842133793913441800, -0.08347252945991669200 ) ) ;
#42 = CARTESIAN_POINT ( 'NONE',  ( -0.04349739006238056300, -0.0002284505855123587500, -0.1287491100292865500 ) ) ;
#43 = CARTESIAN_POINT ( 'NONE',  ( -0.06749739006238052200, 0.0002284505855127448900, 0.09410809387790901300 ) ) ;
#44 = CARTESIAN_POINT ( 'NONE',  ( -0.1221640567290470700, -0.04092133793913456400, -0.07048214840315004900 ) ) ;
#45 = CARTESIAN_POINT ( 'NONE',  ( -0.05516927660428590900, -0.1116142252927575100, 0.06417671100407787400 ) ) ;
#46 = CARTESIAN_POINT ( 'NONE',  ( -0.08749739006238048400, -0.1115000000000000200, 0.0001978440105631251300 ) ) ;
#47 = CARTESIAN_POINT ( 'NONE',  ( -0.03283072339571390500, 0.08161422529275638700, 0.04685620292839103000 ) ) ;
#48 = COORDINATED_UNIVERSAL_TIME_OFFSET ( 6, 0, .BEHIND. ) ;
#49 = CARTESIAN_POINT ( 'NONE',  ( -0.0005026099376193506500, 0.08150000000000001700, 0.0001978440105651366800 ) ) ;
#50 = AXIS2_PLACEMENT_3D ( 'NONE', #1696, #595, #186 ) ;
#51 = ORIENTED_EDGE ( 'NONE', *, *, #818, .T. ) ;
#52 = CARTESIAN_POINT ( 'NONE',  ( -0.001835943270952681800, 0.08138577470724270300, 0.04725189094951961300 ) ) ;
#53 = CARTESIAN_POINT ( 'NONE',  ( -0.09650260993761916600, 0.1115000000000000200, 0.0001978440105654593400 ) ) ;
#54 = CARTESIAN_POINT ( 'NONE',  ( -0.05016405672904721700, 0.05592133793913432000, 0.09646291051668333400 ) ) ;
#55 = CARTESIAN_POINT ( 'NONE',  ( -0.02183594327095264600, -0.04092133793913597200, 0.07048214840314923100 ) ) ;
#56 = CARTESIAN_POINT ( 'NONE',  ( -0.02183594327095264600, -0.04092133793913597200, 0.07048214840314923100 ) ) ;
#57 = CARTESIAN_POINT ( 'NONE',  ( -0.02349739006238060100, -0.1115000000000000200, 0.0001978440105631251300 ) ) ;
#58 = CARTESIAN_POINT ( 'NONE',  ( -0.05016405672904721700, 0.04842133793913445300, 0.08347252945991667800 ) ) ;
#59 = CARTESIAN_POINT ( 'NONE',  ( -0.1114973900623804500, 0.1115000000000000200, -0.0001978440105631387700 ) ) ;
#60 = CARTESIAN_POINT ( 'NONE',  ( -0.1048307233957137500, -0.08161422529275637300, -0.04685620292839103700 ) ) ;
#61 = CARTESIAN_POINT ( 'NONE',  ( -0.02216405672904726800, -0.09638577470724370200, 0.05591214498736223800 ) ) ;
#62 = CARTESIAN_POINT ( 'NONE',  ( -0.04316927660428593300, -0.04057866206086400300, -0.07067999241371433800 ) ) ;
#63 = CARTESIAN_POINT ( 'NONE',  ( -0.01549739006238060900, 0.08150000000000001700, -0.0001978440105634613700 ) ) ;
#64 = CARTESIAN_POINT ( 'NONE',  ( -0.07816405672904713800, 0.1113857747072438100, -0.06457239902520645100 ) ) ;
#65 = CARTESIAN_POINT ( 'NONE',  ( -0.1074973900623804300, -0.0002284505855125460800, -0.1114286019535977900 ) ) ;
#66 = CARTESIAN_POINT ( 'NONE',  ( -0.04883072339571387800, 0.1116142252927561800, 0.06417671100408009500 ) ) ;
#67 = CARTESIAN_POINT ( 'NONE',  ( 0.003497390062380640500, 0.0002284505855146793500, -0.09410809387790901300 ) ) ;
#68 = CARTESIAN_POINT ( 'NONE',  ( -0.03416405672904724400, 0.04842133793913445300, 0.08347252945991667800 ) ) ;
#69 = CARTESIAN_POINT ( 'NONE',  ( 0.003497390062380637500, 0.0002284505855148666800, -0.1114286019535977900 ) ) ;
#70 = CARTESIAN_POINT ( 'NONE',  ( -0.01416405672904728000, 0.08138577470724364700, -0.04725189094951799700 ) ) ;
#71 = CARTESIAN_POINT ( 'NONE',  ( -0.001835943270952684800, 0.09638577470724259100, 0.05591214498736416700 ) ) ;
#72 = CARTESIAN_POINT ( 'NONE',  ( -0.03283072339571391900, 0.1116142252927561800, 0.06417671100408009500 ) ) ;
#73 = ORIENTED_EDGE ( 'NONE', *, *, #532, .T. ) ;
#74 = CARTESIAN_POINT ( 'NONE',  ( -0.06883072339571384700, -0.04807866206086553600, 0.08367037347048002200 ) ) ;
#75 = CARTESIAN_POINT ( 'NONE',  ( -0.1141640567290471000, 0.05592133793913432000, 0.09646291051668333400 ) ) ;
#76 = CARTESIAN_POINT ( 'NONE',  ( -0.09816405672904711400, 0.04092133793913459200, 0.07048214840315002200 ) ) ;
#77 = DIRECTION ( 'NONE',  ( 0.9996520083174173000, 0.0000000000000000000, -0.02637920140857319800 ) ) ;
#78 = CARTESIAN_POINT ( 'NONE',  ( 0.007497390062380629800, -0.09650000000000001600, -0.0001978440105653098000 ) ) ;
#79 = CARTESIAN_POINT ( 'NONE',  ( -0.04983594327095258700, 0.09638577470724259100, 0.05591214498736416700 ) ) ;
#80 = CARTESIAN_POINT ( 'NONE',  ( -0.01283072339571395700, 0.05557866206086570900, -0.09666075452724649800 ) ) ;
#81 = CARTESIAN_POINT ( 'NONE',  ( -0.07949739006238047700, 0.09650000000000001600, -0.0001978440105633000700 ) ) ;
#82 = CARTESIAN_POINT ( 'NONE',  ( -0.01283072339571395200, 0.04807866206086557800, -0.08367037347047999500 ) ) ;
#83 = CARTESIAN_POINT ( 'NONE',  ( -0.09383594327095250200, 0.04092133793913600700, -0.07048214840314920300 ) ) ;
#84 = CARTESIAN_POINT ( 'NONE',  ( -0.02083072339571393600, -0.04807866206086553600, 0.08367037347048002200 ) ) ;
#85 = CARTESIAN_POINT ( 'NONE',  ( -0.1085026099376191600, 0.0002284505855146793500, -0.09410809387790901300 ) ) ;
#86 = CARTESIAN_POINT ( 'NONE',  ( -0.04450260993761926500, 0.0002284505855148667000, -0.1114286019535977900 ) ) ;
#87 = CARTESIAN_POINT ( 'NONE',  ( -0.06083072339571386100, 0.05557866206086570900, -0.09666075452724649800 ) ) ;
#88 = CARTESIAN_POINT ( 'NONE',  ( -0.1181640567290470600, -0.09638577470724368800, 0.05591214498736223800 ) ) ;
#89 = CARTESIAN_POINT ( 'NONE',  ( -0.05250260993761925900, -0.0002284505855146678600, 0.09410809387790901300 ) ) ;
#90 = CARTESIAN_POINT ( 'NONE',  ( -0.1058359432709524600, -0.08138577470724267500, -0.04725189094951964100 ) ) ;
#91 = CARTESIAN_POINT ( 'NONE',  ( -0.07383594327095253900, -0.09638577470724257700, -0.05591214498736418700 ) ) ;
#92 = CARTESIAN_POINT ( 'NONE',  ( -0.03016405672904724400, 0.09638577470724371500, -0.05591214498736221700 ) ) ;
#93 = CARTESIAN_POINT ( 'NONE',  ( -0.06616405672904718300, 0.04842133793913445300, 0.08347252945991667800 ) ) ;
#94 = CARTESIAN_POINT ( 'NONE',  ( -0.03783594327095260400, -0.04092133793913597200, 0.07048214840314923100 ) ) ;
#95 = CALENDAR_DATE ( 2023, 3, 2 ) ;
#96 = CARTESIAN_POINT ( 'NONE',  ( -0.003169276604286015700, 0.04807866206086389800, 0.08367037347048098000 ) ) ;
#97 = CARTESIAN_POINT ( 'NONE',  ( -0.009835943270952666300, -0.09638577470724257700, -0.05591214498736418700 ) ) ;
#98 = ORIENTED_EDGE ( 'NONE', *, *, #1754, .T. ) ;
#99 = CARTESIAN_POINT ( 'NONE',  ( -0.1301640567290470500, 0.05592133793913432000, 0.09646291051668333400 ) ) ;
#100 = CARTESIAN_POINT ( 'NONE',  ( -0.09116927660428580900, -0.04057866206086400300, -0.07067999241371433800 ) ) ;
#101 = CARTESIAN_POINT ( 'NONE',  ( -0.1005026099376191600, -0.0002284505855148530400, 0.1114286019535977900 ) ) ;
#102 = CARTESIAN_POINT ( 'NONE',  ( -0.1111692766042861200, 0.09661422529276839100, -0.05551645696622725000 ) ) ;
#103 = CARTESIAN_POINT ( 'NONE',  ( -0.1048307233957137500, -0.1116142252927561800, -0.06417671100408012300 ) ) ;
#104 = DATE_TIME_ROLE ( 'classification_date' ) ;
#105 = CARTESIAN_POINT ( 'NONE',  ( -0.1138359432709524400, 0.08138577470724270300, 0.04725189094951961300 ) ) ;
#106 = CARTESIAN_POINT ( 'NONE',  ( -0.04050260993761926900, -0.09650000000000001600, -0.0001978440105653098000 ) ) ;
#107 = CARTESIAN_POINT ( 'NONE',  ( -0.04216405672904722400, -0.04842133793913441800, -0.08347252945991669200 ) ) ;
#108 = CARTESIAN_POINT ( 'NONE',  ( -0.1194973900623804200, -0.1115000000000000200, 0.0001978440105631251300 ) ) ;
#109 = CARTESIAN_POINT ( 'NONE',  ( -0.06316927660428589600, 0.09661422529275742700, -0.05551645696623362000 ) ) ;
#110 = CARTESIAN_POINT ( 'NONE',  ( -0.02483072339571392600, -0.09661422529275628900, -0.05551645696623559000 ) ) ;
#111 = CARTESIAN_POINT ( 'NONE',  ( -0.04316927660428592600, -0.04807866206086386400, -0.08367037347048099400 ) ) ;
#112 = CARTESIAN_POINT ( 'NONE',  ( -0.01816405672904727500, 0.04842133793913445300, 0.08347252945991667800 ) ) ;
#113 = CARTESIAN_POINT ( 'NONE',  ( -0.1341640567290470800, -0.1113857747072438100, 0.06457239902520645100 ) ) ;
#114 = CARTESIAN_POINT ( 'NONE',  ( -0.001835943270952684800, 0.09638577470724259100, 0.05591214498736416700 ) ) ;
#115 = CARTESIAN_POINT ( 'NONE',  ( -0.06216405672904718600, 0.09638577470724371500, -0.05591214498736221700 ) ) ;
#116 = ORIENTED_EDGE ( 'NONE', *, *, #818, .F. ) ;
#117 = CARTESIAN_POINT ( 'NONE',  ( -0.01916927660428598500, 0.04807866206086389800, 0.08367037347048098000 ) ) ;
#118 = CARTESIAN_POINT ( 'NONE',  ( -0.02083072339571393600, -0.04807866206086553600, 0.08367037347048002200 ) ) ;
#119 = CARTESIAN_POINT ( 'NONE',  ( -0.05549739006238053900, -0.09650000000000001600, 0.0001978440105632882500 ) ) ;
#120 = AXIS2_PLACEMENT_3D ( 'NONE', #1430, #1297, #1591 ) ;
#121 = APPROVAL_ROLE ( '' ) ;
#122 = CARTESIAN_POINT ( 'NONE',  ( -0.04450260993761926500, 0.0002284505855148666800, -0.1114286019535977900 ) ) ;
#123 = CARTESIAN_POINT ( 'NONE',  ( -0.1354973900623803500, -0.1115000000000000200, 0.0001978440105631251300 ) ) ;
#124 = CARTESIAN_POINT ( 'NONE',  ( 0.003497390062380636200, 0.0002284505855150540500, -0.1287491100292865500 ) ) ;
#125 = CARTESIAN_POINT ( 'NONE',  ( -0.09116927660428583700, -0.04807866206086386400, -0.08367037347048099400 ) ) ;
#126 = CARTESIAN_POINT ( 'NONE',  ( -0.1221640567290470500, -0.04842133793913441800, -0.08347252945991669200 ) ) ;
#127 = CARTESIAN_POINT ( 'NONE',  ( -0.07650260993761919000, 0.0002284505855148666800, -0.1114286019535977900 ) ) ;
#128 = CARTESIAN_POINT ( 'NONE',  ( -0.1071692766042858100, -0.04807866206086386400, -0.08367037347048099400 ) ) ;
#129 = CARTESIAN_POINT ( 'NONE',  ( -0.07683072339571382600, 0.04807866206086557800, -0.08367037347047999500 ) ) ;
#130 = CARTESIAN_POINT ( 'NONE',  ( -0.1234973900623803900, -0.0002284505855125460800, -0.1114286019535977900 ) ) ;
#131 = CARTESIAN_POINT ( 'NONE',  ( 0.0008307233957139759200, 0.09661422529275742700, -0.05551645696623362000 ) ) ;
#132 = CARTESIAN_POINT ( 'NONE',  ( -0.09683072339571378900, 0.09661422529275630300, 0.05551645696623556300 ) ) ;
#133 = CARTESIAN_POINT ( 'NONE',  ( -0.0005026099376193559600, 0.1115000000000000200, 0.0001978440105654593400 ) ) ;
#134 = CARTESIAN_POINT ( 'NONE',  ( -0.1248307233957137300, 0.04807866206086557800, -0.08367037347047999500 ) ) ;
#135 = PERSON_AND_ORGANIZATION ( #864, #1292 ) ;
#136 = CARTESIAN_POINT ( 'NONE',  ( -0.07549739006238050100, -0.0002284505855125460800, -0.1114286019535977900 ) ) ;
#137 = CIRCLE ( 'NONE', #658, 0.007500000000000004100 ) ;
#138 = CARTESIAN_POINT ( 'NONE',  ( -0.02716927660428596800, -0.05557866206086371100, -0.09666075452724765000 ) ) ;
#139 = CARTESIAN_POINT ( 'NONE',  ( -0.07416405672904716200, -0.04842133793913441800, -0.08347252945991669200 ) ) ;
#140 = CARTESIAN_POINT ( 'NONE',  ( -0.1125026099376191400, 0.09650000000000001600, 0.0001978440105652979800 ) ) ;
#141 = CARTESIAN_POINT ( 'NONE',  ( -0.08216405672904714100, 0.04842133793913445300, 0.08347252945991667800 ) ) ;
#142 = CARTESIAN_POINT ( 'NONE',  ( -0.09949739006238043900, 0.0002284505855125597900, 0.1114286019535977900 ) ) ;
#143 = CC_DESIGN_PERSON_AND_ORGANIZATION_ASSIGNMENT ( #135, #1233, ( #427 ) ) ;
#144 = CARTESIAN_POINT ( 'NONE',  ( -0.1098359432709524700, 0.04842133793913613200, -0.08347252945991569300 ) ) ;
#145 = CARTESIAN_POINT ( 'NONE',  ( -0.08216405672904714100, 0.04842133793913445300, 0.08347252945991667800 ) ) ;
#146 = CARTESIAN_POINT ( 'NONE',  ( 0.002164056729047304400, 0.05592133793913627700, -0.09646291051668221000 ) ) ;
#147 = CARTESIAN_POINT ( 'NONE',  ( -0.1328307233957137000, -0.04807866206086553600, 0.08367037347048002200 ) ) ;
#148 = CARTESIAN_POINT ( 'NONE',  ( -0.1074973900623804300, -0.0002284505855127334000, -0.09410809387790901300 ) ) ;
#149 = CARTESIAN_POINT ( 'NONE',  ( -0.07916927660428588200, 0.09661422529275742700, -0.05551645696623362000 ) ) ;
#150 = CARTESIAN_POINT ( 'NONE',  ( -0.1288307233957137200, 0.09661422529275630300, 0.05551645696623556300 ) ) ;
#151 = CARTESIAN_POINT ( 'NONE',  ( -0.08749739006238047000, -0.09650000000000001600, 0.0001978440105632882500 ) ) ;
#152 = CARTESIAN_POINT ( 'NONE',  ( -0.06316927660428589600, 0.1116142252927575100, -0.06417671100407783300 ) ) ;
#153 = CARTESIAN_POINT ( 'NONE',  ( -0.08483072339571379200, -0.04807866206086553600, 0.08367037347048002200 ) ) ;
#154 = CARTESIAN_POINT ( 'NONE',  ( -0.09683072339571378900, 0.08161422529275638700, 0.04685620292839103000 ) ) ;
#155 = CARTESIAN_POINT ( 'NONE',  ( -0.09116927660428583700, -0.04807866206086386400, -0.08367037347048099400 ) ) ;
#156 = DIRECTION ( 'NONE',  ( -0.9996520083174174100, 2.276539994720221100E-015, -0.02637920140857322500 ) ) ;
#157 = CARTESIAN_POINT ( 'NONE',  ( -0.09516927660428584100, 0.1116142252927575100, -0.06417671100407783300 ) ) ;
#158 = ORIENTED_EDGE ( 'NONE', *, *, #414, .F. ) ;
#159 = CARTESIAN_POINT ( 'NONE',  ( -0.07149739006238049800, -0.08150000000000001700, 0.0001978440105634513700 ) ) ;
#160 = CARTESIAN_POINT ( 'NONE',  ( -0.08616405672904714500, -0.08138577470724363300, 0.04725189094951801100 ) ) ;
#161 = CARTESIAN_POINT ( 'NONE',  ( -0.02050260993761931700, -0.0002284505855150382800, 0.1287491100292865500 ) ) ;
#162 = DIRECTION ( 'NONE',  ( 0.9996520083174170700, 0.0000000000000000000, -0.02637920140858224200 ) ) ;
#163 = CARTESIAN_POINT ( 'NONE',  ( -0.1071692766042858100, -0.05557866206086371100, -0.09666075452724765000 ) ) ;
#164 = CARTESIAN_POINT ( 'NONE',  ( -0.03016405672904724800, 0.08138577470724364700, -0.04725189094951799700 ) ) ;
#165 = DIRECTION ( 'NONE',  ( -0.02637920140857320100, 1.087899301893679800E-014, -0.9996520083174174100 ) ) ;
#166 = CARTESIAN_POINT ( 'NONE',  ( -0.08349739006238048000, 0.0002284505855127448900, 0.09410809387790901300 ) ) ;
#167 = CARTESIAN_POINT ( 'NONE',  ( -0.1018359432709524900, -0.05592133793913622900, 0.09646291051668223800 ) ) ;
#168 = CARTESIAN_POINT ( 'NONE',  ( -0.02216405672904726800, -0.1113857747072438100, 0.06457239902520645100 ) ) ;
#169 = CARTESIAN_POINT ( 'NONE',  ( -0.01549739006238060900, 0.08150000000000001700, -0.0001978440105634613700 ) ) ;
#170 = CARTESIAN_POINT ( 'NONE',  ( -0.1141640567290471000, 0.04092133793913459200, 0.07048214840315002200 ) ) ;
#171 = CARTESIAN_POINT ( 'NONE',  ( -0.07783594327095252900, 0.05592133793913627700, -0.09646291051668221000 ) ) ;
#172 = CARTESIAN_POINT ( 'NONE',  ( 0.01978440105642990600, -0.09650000000000817600, 0.7497390062380621100 ) ) ;
#173 = CARTESIAN_POINT ( 'NONE',  ( -0.08450260993761918300, -0.0002284505855150382800, 0.1287491100292865500 ) ) ;
#174 = CARTESIAN_POINT ( 'NONE',  ( -0.06883072339571383300, -0.04057866206086540400, 0.07067999241371353300 ) ) ;
#175 = CC_DESIGN_APPROVAL ( #1169, ( #427 ) ) ;
#176 = CARTESIAN_POINT ( 'NONE',  ( 0.02728179111881053700, -0.09650000000000817600, 0.7495411622274977800 ) ) ;
#177 = CARTESIAN_POINT ( 'NONE',  ( -0.05916927660428591300, -0.04057866206086400300, -0.07067999241371433800 ) ) ;
#178 = APPROVAL_PERSON_ORGANIZATION ( #1636, #458, #121 ) ;
#179 = CARTESIAN_POINT ( 'NONE',  ( -0.05250260993761925900, -0.0002284505855150382800, 0.1287491100292865500 ) ) ;
#180 = VECTOR ( 'NONE', #286, 39.37007874015748100 ) ;
#181 = CARTESIAN_POINT ( 'NONE',  ( -0.03149739006238058000, 0.09650000000000001600, -0.0001978440105633000700 ) ) ;
#182 = CARTESIAN_POINT ( 'NONE',  ( -0.1088307233957137700, 0.05557866206086570900, -0.09666075452724649800 ) ) ;
#183 = CARTESIAN_POINT ( 'NONE',  ( -0.08616405672904714500, -0.08138577470724363300, 0.04725189094951801100 ) ) ;
#184 = CARTESIAN_POINT ( 'NONE',  ( -0.003169276604286012700, 0.04057866206086403100, 0.07067999241371432400 ) ) ;
#185 = CARTESIAN_POINT ( 'NONE',  ( -0.06716927660428588500, 0.05557866206086376600, 0.09666075452724762200 ) ) ;
#186 = DIRECTION ( 'NONE',  ( 0.9996520083174170700, 0.0000000000000000000, 0.02637920140858221100 ) ) ;
#187 = CARTESIAN_POINT ( 'NONE',  ( -0.05949739006238052200, -0.0002284505855123587500, -0.1287491100292865500 ) ) ;
#188 = CARTESIAN_POINT ( 'NONE',  ( -0.01916927660428597800, 0.04057866206086403100, 0.07067999241371432400 ) ) ;
#189 = CARTESIAN_POINT ( 'NONE',  ( -0.1397844010564299200, 0.09649999999991605600, 0.7497390062380739900 ) ) ;
#190 = CARTESIAN_POINT ( 'NONE',  ( -0.005835943270952673200, -0.04092133793913597200, 0.07048214840314923100 ) ) ;
#191 = CARTESIAN_POINT ( 'NONE',  ( -0.08183594327095254600, 0.1113857747072424900, 0.06457239902520871300 ) ) ;
#192 = CARTESIAN_POINT ( 'NONE',  ( -0.04883072339571388500, 0.09661422529275630300, 0.05551645696623557600 ) ) ;
#193 = CARTESIAN_POINT ( 'NONE',  ( -0.09149739006238044600, -0.0002284505855125460800, -0.1114286019535977900 ) ) ;
#194 = CARTESIAN_POINT ( 'NONE',  ( -0.03816405672904723400, -0.1113857747072438100, 0.06457239902520645100 ) ) ;
#195 = CARTESIAN_POINT ( 'NONE',  ( -0.1128307233957137300, 0.08161422529275638700, 0.04685620292839103000 ) ) ;
#196 = CARTESIAN_POINT ( 'NONE',  ( -0.1301640567290470500, 0.04092133793913459200, 0.07048214840315002200 ) ) ;
#197 = CARTESIAN_POINT ( 'NONE',  ( -0.1341640567290470500, -0.09638577470724370200, 0.05591214498736223800 ) ) ;
#198 = CARTESIAN_POINT ( 'NONE',  ( -0.01816405672904727900, 0.05592133793913432000, 0.09646291051668333400 ) ) ;
#199 = CARTESIAN_POINT ( 'NONE',  ( -0.1322870109940493000, 0.09649999999991605600, 0.7499368502486384300 ) ) ;
#200 = CARTESIAN_POINT ( 'NONE',  ( -0.1048307233957137500, -0.09661422529275628900, -0.05551645696623559000 ) ) ;
#201 = CARTESIAN_POINT ( 'NONE',  ( -0.04483072339571388100, 0.05557866206086570900, -0.09666075452724649800 ) ) ;
#202 = PERSON_AND_ORGANIZATION ( #864, #1292 ) ;
#203 = CARTESIAN_POINT ( 'NONE',  ( -0.007169276604286003600, -0.08161422529275734500, 0.04685620292838939300 ) ) ;
#204 = VECTOR ( 'NONE', #165, 39.37007874015748100 ) ;
#205 = CARTESIAN_POINT ( 'NONE',  ( -0.04483072339571388800, 0.04807866206086557800, -0.08367037347047999500 ) ) ;
#206 = CARTESIAN_POINT ( 'NONE',  ( -0.007169276604286008900, -0.09661422529275742700, 0.05551645696623364000 ) ) ;
#207 = CARTESIAN_POINT ( 'NONE',  ( -0.01816405672904727200, 0.04092133793913459200, 0.07048214840315002200 ) ) ;
#208 = CARTESIAN_POINT ( 'NONE',  ( -0.08083072339571381600, 0.1116142252927561800, 0.06417671100408009500 ) ) ;
#209 = CARTESIAN_POINT ( 'NONE',  ( -0.1208307233957137300, -0.09661422529275628900, -0.05551645696623559000 ) ) ;
#210 = CARTESIAN_POINT ( 'NONE',  ( -0.09149739006238044600, -0.0002284505855123587500, -0.1287491100292865500 ) ) ;
#211 = CARTESIAN_POINT ( 'NONE',  ( -0.03383594327095262200, 0.08138577470724270300, 0.04725189094951961300 ) ) ;
#212 = CARTESIAN_POINT ( 'NONE',  ( -0.05816405672904719600, -0.04842133793913441800, -0.08347252945991669200 ) ) ;
#213 = CARTESIAN_POINT ( 'NONE',  ( -0.06983594327095253600, -0.04092133793913597200, 0.07048214840314923100 ) ) ;
#214 = CARTESIAN_POINT ( 'NONE',  ( -0.07783594327095254300, 0.04842133793913613200, -0.08347252945991569300 ) ) ;
#215 = CARTESIAN_POINT ( 'NONE',  ( -0.07149739006238049800, -0.1115000000000000200, 0.0001978440105631251300 ) ) ;
#216 = CARTESIAN_POINT ( 'NONE',  ( -0.1088307233957137400, 0.04807866206086557800, -0.08367037347047999500 ) ) ;
#217 = CARTESIAN_POINT ( 'NONE',  ( -0.1221640567290470900, -0.05592133793913427900, -0.09646291051668333400 ) ) ;
#218 = CARTESIAN_POINT ( 'NONE',  ( -0.1101640567290471000, 0.08138577470724364700, -0.04725189094951799700 ) ) ;
#219 = DIRECTION ( 'NONE',  ( -0.02637920140857322500, -1.119651246717090500E-013, 0.9996520083174174100 ) ) ;
#220 = CARTESIAN_POINT ( 'NONE',  ( -0.005835943270952677500, -0.04842133793913609000, 0.08347252945991572000 ) ) ;
#221 = CARTESIAN_POINT ( 'NONE',  ( -0.04716927660428593000, 0.09661422529275741400, -0.05551645696623361300 ) ) ;
#222 = CARTESIAN_POINT ( 'NONE',  ( -0.03816405672904723400, -0.1113857747072438100, 0.06457239902520645100 ) ) ;
#223 = CARTESIAN_POINT ( 'NONE',  ( -0.08883072339571379500, -0.09661422529275627600, -0.05551645696623559000 ) ) ;
#224 = CARTESIAN_POINT ( 'NONE',  ( -0.04483072339571388800, 0.04807866206086557800, -0.08367037347047999500 ) ) ;
#225 = CARTESIAN_POINT ( 'NONE',  ( -0.1205026099376191000, -0.08150000000000001700, -0.0001978440105651466300 ) ) ;
#226 = CARTESIAN_POINT ( 'NONE',  ( -0.04883072339571388500, 0.09661422529275630300, 0.05551645696623556300 ) ) ;
#227 = CARTESIAN_POINT ( 'NONE',  ( -0.07516927660428587800, -0.04057866206086400300, -0.07067999241371433800 ) ) ;
#228 = CARTESIAN_POINT ( 'NONE',  ( -0.01783594327095265300, 0.09638577470724259100, 0.05591214498736416700 ) ) ;
#229 = CARTESIAN_POINT ( 'NONE',  ( -0.06216405672904718600, 0.1113857747072438100, -0.06457239902520645100 ) ) ;
#230 = CARTESIAN_POINT ( 'NONE',  ( -0.07816405672904716600, 0.09638577470724372900, -0.05591214498736221000 ) ) ;
#231 = CARTESIAN_POINT ( 'NONE',  ( -0.07250260993761922800, -0.08150000000000001700, -0.0001978440105651466300 ) ) ;
#232 = CARTESIAN_POINT ( 'NONE',  ( -0.001835943270952684800, 0.09638577470724259100, 0.05591214498736416700 ) ) ;
#233 = CARTESIAN_POINT ( 'NONE',  ( -0.02183594327095264900, -0.04842133793913609000, 0.08347252945991572000 ) ) ;
#234 = CARTESIAN_POINT ( 'NONE',  ( -0.1168307233957137600, -0.05557866206086566100, 0.09666075452724652600 ) ) ;
#235 = CARTESIAN_POINT ( 'NONE',  ( -0.1114973900623804200, 0.09650000000000001600, -0.0001978440105633000700 ) ) ;
#236 = CARTESIAN_POINT ( 'NONE',  ( -0.04183594327095260100, -0.08138577470724267500, -0.04725189094951964100 ) ) ;
#237 = CARTESIAN_POINT ( 'NONE',  ( -0.04983594327095258700, 0.09638577470724259100, 0.05591214498736416700 ) ) ;
#238 = CARTESIAN_POINT ( 'NONE',  ( 0.0008307233957139760300, 0.09661422529275741400, -0.05551645696623361300 ) ) ;
#239 = CARTESIAN_POINT ( 'NONE',  ( -0.09816405672904711400, 0.05592133793913432000, 0.09646291051668333400 ) ) ;
#240 = CARTESIAN_POINT ( 'NONE',  ( -0.05383594327095257700, -0.04092133793913597200, 0.07048214840314923100 ) ) ;
#241 = CARTESIAN_POINT ( 'NONE',  ( -0.01783594327095265300, 0.09638577470724259100, 0.05591214498736416700 ) ) ;
#242 = CARTESIAN_POINT ( 'NONE',  ( -0.01416405672904728600, 0.09638577470724371500, -0.05591214498736221700 ) ) ;
#243 = CARTESIAN_POINT ( 'NONE',  ( -0.03683072339571390200, -0.04807866206086553600, 0.08367037347048002200 ) ) ;
#244 = PERSON_AND_ORGANIZATION_ROLE ( 'design_supplier' ) ;
#245 = CARTESIAN_POINT ( 'NONE',  ( -0.1178359432709524400, -0.04092133793913597200, 0.07048214840314923100 ) ) ;
#246 = CARTESIAN_POINT ( 'NONE',  ( -0.04183594327095260100, -0.09638577470724257700, -0.05591214498736418700 ) ) ;
#247 = ORIENTED_EDGE ( 'NONE', *, *, #971, .F. ) ;
#248 = CARTESIAN_POINT ( 'NONE',  ( -0.1088307233957137700, 0.05557866206086570900, -0.09666075452724649800 ) ) ;
#249 = DIRECTION ( 'NONE',  ( 0.02637920140857322900, 1.119651246717090400E-013, -0.9996520083174174100 ) ) ;
#250 = EDGE_LOOP ( 'NONE', ( #576, #98 ) ) ;
#251 = CARTESIAN_POINT ( 'NONE',  ( -0.003169276604286015700, 0.04807866206086389800, 0.08367037347048098000 ) ) ;
#252 = CARTESIAN_POINT ( 'NONE',  ( -0.1208307233957137700, -0.1116142252927561800, -0.06417671100408012300 ) ) ;
#253 = CARTESIAN_POINT ( 'NONE',  ( -0.06316927660428589600, 0.09661422529275742700, -0.05551645696623362000 ) ) ;
#254 = CARTESIAN_POINT ( 'NONE',  ( -0.03683072339571390200, -0.04807866206086553600, 0.08367037347048002200 ) ) ;
#255 = CARTESIAN_POINT ( 'NONE',  ( -0.1008307233957138100, -0.05557866206086566100, 0.09666075452724652600 ) ) ;
#256 = DIRECTION ( 'NONE',  ( 0.0000000000000000000, 0.0000000000000000000, 1.000000000000000000 ) ) ;
#257 = CARTESIAN_POINT ( 'NONE',  ( -0.02316927660428597400, -0.09661422529275742700, 0.05551645696623364000 ) ) ;
#258 = CARTESIAN_POINT ( 'NONE',  ( -0.06483072339571384300, 0.09661422529275630300, 0.05551645696623556300 ) ) ;
#259 = CARTESIAN_POINT ( 'NONE',  ( -0.05650260993761923500, -0.09650000000000001600, -0.0001978440105653098000 ) ) ;
#260 = CARTESIAN_POINT ( 'NONE',  ( -0.09783594327095249100, 0.09638577470724259100, 0.05591214498736416700 ) ) ;
#261 = CARTESIAN_POINT ( 'NONE',  ( -0.07949739006238047700, 0.09650000000000001600, -0.0001978440105633000700 ) ) ;
#262 = APPROVAL_ROLE ( '' ) ;
#263 = CARTESIAN_POINT ( 'NONE',  ( -0.05383594327095257700, -0.04842133793913609000, 0.08347252945991572000 ) ) ;
#264 = CARTESIAN_POINT ( 'NONE',  ( -0.05816405672904719600, -0.04842133793913441800, -0.08347252945991669200 ) ) ;
#265 = CARTESIAN_POINT ( 'NONE',  ( -0.1031692766042858300, -0.09661422529275742700, 0.05551645696623364000 ) ) ;
#266 = CARTESIAN_POINT ( 'NONE',  ( -0.1274973900623803900, 0.09650000000000001600, -0.0001978440105633000700 ) ) ;
#267 = CARTESIAN_POINT ( 'NONE',  ( -0.08983594327095251200, -0.09638577470724257700, -0.05591214498736418700 ) ) ;
#268 = CARTESIAN_POINT ( 'NONE',  ( -0.1074973900623804300, -0.0002284505855125460800, -0.1114286019535977900 ) ) ;
#269 = CARTESIAN_POINT ( 'NONE',  ( -0.01250260993761933200, 0.0002284505855148666800, -0.1114286019535977900 ) ) ;
#270 = CARTESIAN_POINT ( 'NONE',  ( -0.1154973900623804000, 0.0002284505855125597900, 0.1114286019535977900 ) ) ;
#271 = CARTESIAN_POINT ( 'NONE',  ( -0.03650260993761927900, -0.0002284505855150382800, 0.1287491100292865500 ) ) ;
#272 = CARTESIAN_POINT ( 'NONE',  ( -0.1168307233957137400, -0.04807866206086553600, 0.08367037347048002200 ) ) ;
#273 = CARTESIAN_POINT ( 'NONE',  ( -0.1048307233957137500, -0.09661422529275628900, -0.05551645696623559000 ) ) ;
#274 = CC_DESIGN_PERSON_AND_ORGANIZATION_ASSIGNMENT ( #464, #1647, ( #798 ) ) ;
#275 = CARTESIAN_POINT ( 'NONE',  ( -0.009835943270952666300, -0.09638577470724257700, -0.05591214498736418700 ) ) ;
#276 = CARTESIAN_POINT ( 'NONE',  ( -0.1205026099376191000, -0.09650000000000001600, -0.0001978440105653098000 ) ) ;
#277 = CARTESIAN_POINT ( 'NONE',  ( -0.09816405672904710000, 0.04842133793913445300, 0.08347252945991667800 ) ) ;
#278 = CARTESIAN_POINT ( 'NONE',  ( -0.07683072339571382600, 0.04807866206086557800, -0.08367037347047999500 ) ) ;
#279 = CARTESIAN_POINT ( 'NONE',  ( -0.005835943270952679300, -0.05592133793913622900, 0.09646291051668223800 ) ) ;
#280 = CARTESIAN_POINT ( 'NONE',  ( -0.09149739006238044600, -0.0002284505855125460800, -0.1114286019535977900 ) ) ;
#281 = CARTESIAN_POINT ( 'NONE',  ( -0.02183594327095264900, -0.05592133793913622900, 0.09646291051668223800 ) ) ;
#282 = CARTESIAN_POINT ( 'NONE',  ( -0.1181640567290470900, -0.09638577470724370200, 0.05591214498736223800 ) ) ;
#283 = CARTESIAN_POINT ( 'NONE',  ( -0.1154973900623804100, 0.0002284505855127448900, 0.09410809387790901300 ) ) ;
#284 =( BOUNDED_SURFACE ( )  B_SPLINE_SURFACE ( 3, 2, ( 
 ( #897, #501, #1581, #1609, #1470, #1033, #890, #1727, #610, #1177, #84, #61, #1042, #487, #478, #637, #1750, #328, #1596, #1462, #68, #1306, #920, #344, #1319, #1058, #762, #1602, #205, #1456, #1448, #226, #749, #1718, #1170, #618, #755, #1734, #212, #906, #493, #1186, #351, #1325, #770, #1741, #913, #303, #1133, #1537, #298, #8, #447, #702, #1669, #840, #431, #847, #1277, #15, #151, #1127, #441, #193, #1166, #614, #1723, #894, #1182, #341, #348, #1030, #1322, #200, #1174, #65, #903, #1316, #483, #1453, #1731, #759, #622, #1592, #1039, #209, #1526, #402, #1621, #486, #266, #860, #1272, #992, #1729, #197, #1188 ),
 ( #480, #353, #1450, #1035, #626, #70, #63, #1036, #207, #1179, #856, #1689, #829, #850, #18, #1391, #1244, #430, #1746, #47, #19, #295, #583, #1561, #571, #863, #1694, #426, #1556, #727, #289, #1397, #29, #717, #301, #1262, #578, #1418, #12, #868, #439, #857, #988, #1550, #722, #999, #1684, #1679, #1124, #1410, #588, #1141, #24, #566, #1267, #34, #982, #166, #994, #160, #1136, #1280, #444, #1414, #1540, #706, #1545, #154, #434, #1690, #713, #306, #1130, #851, #1284, #148, #1004, #1405, #1275, #450, #170, #283, #1672, #844, #611, #1428, #44, #1295, #880, #737, #1034, #317, #196, #1576, #1707, #479, #873 ),
 ( #1570, #1566, #1151, #1156, #1441, #467, #1301, #52, #184, #322, #190, #1164, #885, #1146, #1307, #311, #600, #898, #1017, #1171, #338, #1433, #56, #1449, #1022, #329, #605, #742, #1589, #1289, #756, #1728, #1713, #39, #1719, #472, #1582, #750, #62, #891, #1028, #619, #460, #1313, #454, #732, #1423, #592, #1702, #1011, #177, #1483, #494, #783, #1622, #345, #507, #650, #213, #1320, #1757, #638, #227, #1178, #502, #1343, #1735, #789, #361, #778, #1742, #1471, #1477, #926, #1610, #1603, #1043, #1333, #513, #1064, #1751, #488, #1187, #1762, #907, #90, #921, #85, #1059, #1202, #366, #1338, #1457, #625, #1463, #914, #352 ),
 ( #78, #631, #645, #69, #930, #1326, #1050, #232, #96, #771, #220, #206, #1615, #1195, #1207, #371, #1597, #763, #957, #241, #117, #1501, #1631, #399, #794, #382, #1373, #1506, #1495, #1489, #1074, #1079, #1367, #387, #1224, #1781, #106, #246, #111, #1084, #805, #1069, #1229, #237, #523, #816, #1354, #1089, #259, #800, #1786, #542, #947, #253, #529, #662, #1514, #1215, #679, #1650, #1775, #1768, #1644, #1361, #669, #940, #1792, #1637, #810, #376, #1219, #536, #393, #655, #1349, #674, #952, #1236, #519, #1626, #935, #101, #1543, #265, #424, #1401, #128, #1242, #1670, #558, #140, #1096, #418, #1265, #1654, #569, #276 ),
 ( #1389, #1260, #1664, #124, #146, #969, #133, #432, #1530, #1395, #691, #1524, #1103, #711, #9, #841, #685, #1797, #1675, #1253, #835, #696, #281, #963, #822, #407, #1378, #1109, #980, #703, #3, #547, #975, #271, #563, #1121, #287, #1248, #848, #552, #1114, #1519, #412, #1384, #1538, #1660, #16, #827, #1802, #1564, #1149, #22, #315, #152, #1426, #1291, #597, #1138, #304, #293, #1421, #1128, #991, #715, #735, #729, #1009, #1271, #1282, #173, #32, #452, #27, #448, #1568, #1682, #866, #157, #456, #1697, #1705, #997, #720, #1278, #1416, #876, #163, #437, #1408, #871, #985, #575, #585, #859, #1548, #854, #1558 ),
 ( #1134, #299, #37, #1412, #580, #442, #724, #1553, #1687, #1692, #1002, #168, #1143, #308, #1287, #590, #603, #1436, #320, #888, #1600, #608, #753, #194, #1020, #1183, #1732, #42, #201, #1317, #1323, #66, #54, #1025, #349, #334, #484, #1579, #747, #187, #491, #904, #1593, #1574, #1711, #1460, #1167, #1724, #476, #1175, #883, #740, #1014, #1298, #1310, #760, #623, #1445, #1154, #615, #46, #1454, #1040, #210, #1161, #629, #469, #1585, #463, #325, #1304, #895, #1716, #342, #767, #1739, #182, #1431, #59, #1031, #75, #1377, #1094, #546, #1083, #252, #217, #1372, #1047, #918, #635, #684, #1512, #956, #1192, #1228, #123 ),
 ( #392, #1518, #1607, #809, #82, #406, #678, #1653, #945, #668, #1200, #1366, #1241, #110, #357, #1330, #1649, #821, #499, #534, #804, #911, #1468, #1505, #1056, #673, #775, #1747, #224, #815, #1359, #528, #386, #1643, #1500, #1635, #1791, #1780, #264, #1785, #951, #115, #1088, #258, #1235, #398, #541, #1547, #1388, #701, #139, #968, #1126, #1674, #1796, #422, #145, #1264, #1270, #14, #833, #2, #292, #280, #429, #557, #1529, #132, #436, #846, #1542, #550, #1658, #1407, #1113, #1668, #1394, #1120, #826, #1523, #962, #270, #974, #710, #568, #1259, #1102, #562, #690, #1399, #984, #150, #1801, #573, #417, #1536, #411 ) ),
 .UNSPECIFIED., .T., .F., .T. ) 
 B_SPLINE_SURFACE_WITH_KNOTS ( ( 4, 3, 4 ),
 ( 3, 2, 2, 2, 2, 2, 2, 2, 2, 2, 2, 2, 2, 2, 2, 2, 2, 2, 2, 2, 2, 2, 2, 2, 2, 2, 2, 2, 2, 2, 2, 2, 2, 2, 2, 2, 2, 2, 2, 2, 2, 2, 2, 2, 2, 2, 2, 2, 3 ),
 ( 0.0000000000000000000, 0.5000000000000000000, 1.000000000000000000 ),
 ( 0.0000000000000000000, 0.02083333333333333200, 0.04166666666666666400, 0.06250000000000000000, 0.08333333333333332900, 0.1041666666666666700, 0.1250000000000000000, 0.1458333333333333400, 0.1666666666666666600, 0.1875000000000000000, 0.2083333333333333400, 0.2291666666666666600, 0.2500000000000000000, 0.2708333333333333100, 0.2916666666666666900, 0.3125000000000000000, 0.3333333333333333100, 0.3541666666666666900, 0.3750000000000000000, 0.3958333333333333100, 0.4166666666666666900, 0.4375000000000000000, 0.4583333333333333100, 0.4791666666666666900, 0.5000000000000000000, 0.5208333333333333700, 0.5416666666666666300, 0.5625000000000000000, 0.5833333333333333700, 0.6041666666666666300, 0.6250000000000000000, 0.6458333333333333700, 0.6666666666666666300, 0.6875000000000000000, 0.7083333333333333700, 0.7291666666666666300, 0.7500000000000000000, 0.7708333333333333700, 0.7916666666666666300, 0.8125000000000000000, 0.8333333333333333700, 0.8541666666666666300, 0.8750000000000000000, 0.8958333333333333700, 0.9166666666666666300, 0.9375000000000000000, 0.9583333333333333700, 0.9791666666666666300, 1.000000000000000000 ),
 .UNSPECIFIED. ) 
 GEOMETRIC_REPRESENTATION_ITEM ( )  RATIONAL_B_SPLINE_SURFACE ( (
 ( 1.000000000000000000, 0.8660254037844387100, 1.000000000000000000, 0.8660254037844387100, 1.000000000000000000, 0.8660254037844387100, 1.000000000000000000, 0.8660254037844387100, 1.000000000000000000, 0.8660254037844387100, 1.000000000000000000, 0.8660254037844387100, 1.000000000000000000, 0.8660254037844387100, 1.000000000000000000, 0.8660254037844387100, 1.000000000000000000, 0.8660254037844387100, 1.000000000000000000, 0.8660254037844387100, 1.000000000000000000, 0.8660254037844387100, 1.000000000000000000, 0.8660254037844387100, 1.000000000000000000, 0.8660254037844387100, 1.000000000000000000, 0.8660254037844387100, 1.000000000000000000, 0.8660254037844387100, 1.000000000000000000, 0.8660254037844387100, 1.000000000000000000, 0.8660254037844387100, 1.000000000000000000, 0.8660254037844387100, 1.000000000000000000, 0.8660254037844387100, 1.000000000000000000, 0.8660254037844387100, 1.000000000000000000, 0.8660254037844387100, 1.000000000000000000, 0.8660254037844387100, 1.000000000000000000, 0.8660254037844387100, 1.000000000000000000, 0.8660254037844387100, 1.000000000000000000, 0.8660254037844387100, 1.000000000000000000, 0.8660254037844387100, 1.000000000000000000, 0.8660254037844387100, 1.000000000000000000, 0.8660254037844387100, 1.000000000000000000, 0.8660254037844387100, 1.000000000000000000, 0.8660254037844387100, 1.000000000000000000, 0.8660254037844387100, 1.000000000000000000, 0.8660254037844387100, 1.000000000000000000, 0.8660254037844387100, 1.000000000000000000, 0.8660254037844387100, 1.000000000000000000, 0.8660254037844387100, 1.000000000000000000, 0.8660254037844387100, 1.000000000000000000, 0.8660254037844387100, 1.000000000000000000, 0.8660254037844387100, 1.000000000000000000, 0.8660254037844387100, 1.000000000000000000, 0.8660254037844387100, 1.000000000000000000, 0.8660254037844387100, 1.000000000000000000, 0.8660254037844387100, 1.000000000000000000, 0.8660254037844387100, 1.000000000000000000, 0.8660254037844387100, 1.000000000000000000, 0.8660254037844387100, 1.000000000000000000, 0.8660254037844387100, 1.000000000000000000, 0.8660254037844387100, 1.000000000000000000, 0.8660254037844387100, 1.000000000000000000),
 ( 0.3333333333333333700, 0.2886751345948129200, 0.3333333333333333700, 0.2886751345948129200, 0.3333333333333333700, 0.2886751345948129200, 0.3333333333333333700, 0.2886751345948129200, 0.3333333333333333700, 0.2886751345948129200, 0.3333333333333333700, 0.2886751345948129200, 0.3333333333333333700, 0.2886751345948129200, 0.3333333333333333700, 0.2886751345948129200, 0.3333333333333333700, 0.2886751345948129200, 0.3333333333333333700, 0.2886751345948129200, 0.3333333333333333700, 0.2886751345948129200, 0.3333333333333333700, 0.2886751345948129200, 0.3333333333333333700, 0.2886751345948129200, 0.3333333333333333700, 0.2886751345948129200, 0.3333333333333333700, 0.2886751345948129200, 0.3333333333333333700, 0.2886751345948129200, 0.3333333333333333700, 0.2886751345948129200, 0.3333333333333333700, 0.2886751345948129200, 0.3333333333333333700, 0.2886751345948129200, 0.3333333333333333700, 0.2886751345948129200, 0.3333333333333333700, 0.2886751345948129200, 0.3333333333333333700, 0.2886751345948129200, 0.3333333333333333700, 0.2886751345948129200, 0.3333333333333333700, 0.2886751345948129200, 0.3333333333333333700, 0.2886751345948129200, 0.3333333333333333700, 0.2886751345948129200, 0.3333333333333333700, 0.2886751345948129200, 0.3333333333333333700, 0.2886751345948129200, 0.3333333333333333700, 0.2886751345948129200, 0.3333333333333333700, 0.2886751345948129200, 0.3333333333333333700, 0.2886751345948129200, 0.3333333333333333700, 0.2886751345948129200, 0.3333333333333333700, 0.2886751345948129200, 0.3333333333333333700, 0.2886751345948129200, 0.3333333333333333700, 0.2886751345948129200, 0.3333333333333333700, 0.2886751345948129200, 0.3333333333333333700, 0.2886751345948129200, 0.3333333333333333700, 0.2886751345948129200, 0.3333333333333333700, 0.2886751345948129200, 0.3333333333333333700, 0.2886751345948129200, 0.3333333333333333700, 0.2886751345948129200, 0.3333333333333333700, 0.2886751345948129200, 0.3333333333333333700, 0.2886751345948129200, 0.3333333333333333700, 0.2886751345948129200, 0.3333333333333333700, 0.2886751345948129200, 0.3333333333333333700, 0.2886751345948129200, 0.3333333333333333700, 0.2886751345948129200, 0.3333333333333333700, 0.2886751345948129200, 0.3333333333333333700),
 ( 0.3333333333333333700, 0.2886751345948129200, 0.3333333333333333700, 0.2886751345948129200, 0.3333333333333333700, 0.2886751345948129200, 0.3333333333333333700, 0.2886751345948129200, 0.3333333333333333700, 0.2886751345948129200, 0.3333333333333333700, 0.2886751345948129200, 0.3333333333333333700, 0.2886751345948129200, 0.3333333333333333700, 0.2886751345948129200, 0.3333333333333333700, 0.2886751345948129200, 0.3333333333333333700, 0.2886751345948129200, 0.3333333333333333700, 0.2886751345948129200, 0.3333333333333333700, 0.2886751345948129200, 0.3333333333333333700, 0.2886751345948129200, 0.3333333333333333700, 0.2886751345948129200, 0.3333333333333333700, 0.2886751345948129200, 0.3333333333333333700, 0.2886751345948129200, 0.3333333333333333700, 0.2886751345948129200, 0.3333333333333333700, 0.2886751345948129200, 0.3333333333333333700, 0.2886751345948129200, 0.3333333333333333700, 0.2886751345948129200, 0.3333333333333333700, 0.2886751345948129200, 0.3333333333333333700, 0.2886751345948129200, 0.3333333333333333700, 0.2886751345948129200, 0.3333333333333333700, 0.2886751345948129200, 0.3333333333333333700, 0.2886751345948129200, 0.3333333333333333700, 0.2886751345948129200, 0.3333333333333333700, 0.2886751345948129200, 0.3333333333333333700, 0.2886751345948129200, 0.3333333333333333700, 0.2886751345948129200, 0.3333333333333333700, 0.2886751345948129200, 0.3333333333333333700, 0.2886751345948129200, 0.3333333333333333700, 0.2886751345948129200, 0.3333333333333333700, 0.2886751345948129200, 0.3333333333333333700, 0.2886751345948129200, 0.3333333333333333700, 0.2886751345948129200, 0.3333333333333333700, 0.2886751345948129200, 0.3333333333333333700, 0.2886751345948129200, 0.3333333333333333700, 0.2886751345948129200, 0.3333333333333333700, 0.2886751345948129200, 0.3333333333333333700, 0.2886751345948129200, 0.3333333333333333700, 0.2886751345948129200, 0.3333333333333333700, 0.2886751345948129200, 0.3333333333333333700, 0.2886751345948129200, 0.3333333333333333700, 0.2886751345948129200, 0.3333333333333333700, 0.2886751345948129200, 0.3333333333333333700, 0.2886751345948129200, 0.3333333333333333700, 0.2886751345948129200, 0.3333333333333333700, 0.2886751345948129200, 0.3333333333333333700),
 ( 1.000000000000000000, 0.8660254037844387100, 1.000000000000000000, 0.8660254037844387100, 1.000000000000000000, 0.8660254037844387100, 1.000000000000000000, 0.8660254037844387100, 1.000000000000000000, 0.8660254037844387100, 1.000000000000000000, 0.8660254037844387100, 1.000000000000000000, 0.8660254037844387100, 1.000000000000000000, 0.8660254037844387100, 1.000000000000000000, 0.8660254037844387100, 1.000000000000000000, 0.8660254037844387100, 1.000000000000000000, 0.8660254037844387100, 1.000000000000000000, 0.8660254037844387100, 1.000000000000000000, 0.8660254037844387100, 1.000000000000000000, 0.8660254037844387100, 1.000000000000000000, 0.8660254037844387100, 1.000000000000000000, 0.8660254037844387100, 1.000000000000000000, 0.8660254037844387100, 1.000000000000000000, 0.8660254037844387100, 1.000000000000000000, 0.8660254037844387100, 1.000000000000000000, 0.8660254037844387100, 1.000000000000000000, 0.8660254037844387100, 1.000000000000000000, 0.8660254037844387100, 1.000000000000000000, 0.8660254037844387100, 1.000000000000000000, 0.8660254037844387100, 1.000000000000000000, 0.8660254037844387100, 1.000000000000000000, 0.8660254037844387100, 1.000000000000000000, 0.8660254037844387100, 1.000000000000000000, 0.8660254037844387100, 1.000000000000000000, 0.8660254037844387100, 1.000000000000000000, 0.8660254037844387100, 1.000000000000000000, 0.8660254037844387100, 1.000000000000000000, 0.8660254037844387100, 1.000000000000000000, 0.8660254037844387100, 1.000000000000000000, 0.8660254037844387100, 1.000000000000000000, 0.8660254037844387100, 1.000000000000000000, 0.8660254037844387100, 1.000000000000000000, 0.8660254037844387100, 1.000000000000000000, 0.8660254037844387100, 1.000000000000000000, 0.8660254037844387100, 1.000000000000000000, 0.8660254037844387100, 1.000000000000000000, 0.8660254037844387100, 1.000000000000000000, 0.8660254037844387100, 1.000000000000000000, 0.8660254037844387100, 1.000000000000000000, 0.8660254037844387100, 1.000000000000000000, 0.8660254037844387100, 1.000000000000000000, 0.8660254037844387100, 1.000000000000000000, 0.8660254037844387100, 1.000000000000000000, 0.8660254037844387100, 1.000000000000000000),
 ( 0.3333333333333333700, 0.2886751345948129200, 0.3333333333333333700, 0.2886751345948129200, 0.3333333333333333700, 0.2886751345948129200, 0.3333333333333333700, 0.2886751345948129200, 0.3333333333333333700, 0.2886751345948129200, 0.3333333333333333700, 0.2886751345948129200, 0.3333333333333333700, 0.2886751345948129200, 0.3333333333333333700, 0.2886751345948129200, 0.3333333333333333700, 0.2886751345948129200, 0.3333333333333333700, 0.2886751345948129200, 0.3333333333333333700, 0.2886751345948129200, 0.3333333333333333700, 0.2886751345948129200, 0.3333333333333333700, 0.2886751345948129200, 0.3333333333333333700, 0.2886751345948129200, 0.3333333333333333700, 0.2886751345948129200, 0.3333333333333333700, 0.2886751345948129200, 0.3333333333333333700, 0.2886751345948129200, 0.3333333333333333700, 0.2886751345948129200, 0.3333333333333333700, 0.2886751345948129200, 0.3333333333333333700, 0.2886751345948129200, 0.3333333333333333700, 0.2886751345948129200, 0.3333333333333333700, 0.2886751345948129200, 0.3333333333333333700, 0.2886751345948129200, 0.3333333333333333700, 0.2886751345948129200, 0.3333333333333333700, 0.2886751345948129200, 0.3333333333333333700, 0.2886751345948129200, 0.3333333333333333700, 0.2886751345948129200, 0.3333333333333333700, 0.2886751345948129200, 0.3333333333333333700, 0.2886751345948129200, 0.3333333333333333700, 0.2886751345948129200, 0.3333333333333333700, 0.2886751345948129200, 0.3333333333333333700, 0.2886751345948129200, 0.3333333333333333700, 0.2886751345948129200, 0.3333333333333333700, 0.2886751345948129200, 0.3333333333333333700, 0.2886751345948129200, 0.3333333333333333700, 0.2886751345948129200, 0.3333333333333333700, 0.2886751345948129200, 0.3333333333333333700, 0.2886751345948129200, 0.3333333333333333700, 0.2886751345948129200, 0.3333333333333333700, 0.2886751345948129200, 0.3333333333333333700, 0.2886751345948129200, 0.3333333333333333700, 0.2886751345948129200, 0.3333333333333333700, 0.2886751345948129200, 0.3333333333333333700, 0.2886751345948129200, 0.3333333333333333700, 0.2886751345948129200, 0.3333333333333333700, 0.2886751345948129200, 0.3333333333333333700, 0.2886751345948129200, 0.3333333333333333700, 0.2886751345948129200, 0.3333333333333333700),
 ( 0.3333333333333333700, 0.2886751345948129200, 0.3333333333333333700, 0.2886751345948129200, 0.3333333333333333700, 0.2886751345948129200, 0.3333333333333333700, 0.2886751345948129200, 0.3333333333333333700, 0.2886751345948129200, 0.3333333333333333700, 0.2886751345948129200, 0.3333333333333333700, 0.2886751345948129200, 0.3333333333333333700, 0.2886751345948129200, 0.3333333333333333700, 0.2886751345948129200, 0.3333333333333333700, 0.2886751345948129200, 0.3333333333333333700, 0.2886751345948129200, 0.3333333333333333700, 0.2886751345948129200, 0.3333333333333333700, 0.2886751345948129200, 0.3333333333333333700, 0.2886751345948129200, 0.3333333333333333700, 0.2886751345948129200, 0.3333333333333333700, 0.2886751345948129200, 0.3333333333333333700, 0.2886751345948129200, 0.3333333333333333700, 0.2886751345948129200, 0.3333333333333333700, 0.2886751345948129200, 0.3333333333333333700, 0.2886751345948129200, 0.3333333333333333700, 0.2886751345948129200, 0.3333333333333333700, 0.2886751345948129200, 0.3333333333333333700, 0.2886751345948129200, 0.3333333333333333700, 0.2886751345948129200, 0.3333333333333333700, 0.2886751345948129200, 0.3333333333333333700, 0.2886751345948129200, 0.3333333333333333700, 0.2886751345948129200, 0.3333333333333333700, 0.2886751345948129200, 0.3333333333333333700, 0.2886751345948129200, 0.3333333333333333700, 0.2886751345948129200, 0.3333333333333333700, 0.2886751345948129200, 0.3333333333333333700, 0.2886751345948129200, 0.3333333333333333700, 0.2886751345948129200, 0.3333333333333333700, 0.2886751345948129200, 0.3333333333333333700, 0.2886751345948129200, 0.3333333333333333700, 0.2886751345948129200, 0.3333333333333333700, 0.2886751345948129200, 0.3333333333333333700, 0.2886751345948129200, 0.3333333333333333700, 0.2886751345948129200, 0.3333333333333333700, 0.2886751345948129200, 0.3333333333333333700, 0.2886751345948129200, 0.3333333333333333700, 0.2886751345948129200, 0.3333333333333333700, 0.2886751345948129200, 0.3333333333333333700, 0.2886751345948129200, 0.3333333333333333700, 0.2886751345948129200, 0.3333333333333333700, 0.2886751345948129200, 0.3333333333333333700, 0.2886751345948129200, 0.3333333333333333700, 0.2886751345948129200, 0.3333333333333333700),
 ( 1.000000000000000000, 0.8660254037844387100, 1.000000000000000000, 0.8660254037844387100, 1.000000000000000000, 0.8660254037844387100, 1.000000000000000000, 0.8660254037844387100, 1.000000000000000000, 0.8660254037844387100, 1.000000000000000000, 0.8660254037844387100, 1.000000000000000000, 0.8660254037844387100, 1.000000000000000000, 0.8660254037844387100, 1.000000000000000000, 0.8660254037844387100, 1.000000000000000000, 0.8660254037844387100, 1.000000000000000000, 0.8660254037844387100, 1.000000000000000000, 0.8660254037844387100, 1.000000000000000000, 0.8660254037844387100, 1.000000000000000000, 0.8660254037844387100, 1.000000000000000000, 0.8660254037844387100, 1.000000000000000000, 0.8660254037844387100, 1.000000000000000000, 0.8660254037844387100, 1.000000000000000000, 0.8660254037844387100, 1.000000000000000000, 0.8660254037844387100, 1.000000000000000000, 0.8660254037844387100, 1.000000000000000000, 0.8660254037844387100, 1.000000000000000000, 0.8660254037844387100, 1.000000000000000000, 0.8660254037844387100, 1.000000000000000000, 0.8660254037844387100, 1.000000000000000000, 0.8660254037844387100, 1.000000000000000000, 0.8660254037844387100, 1.000000000000000000, 0.8660254037844387100, 1.000000000000000000, 0.8660254037844387100, 1.000000000000000000, 0.8660254037844387100, 1.000000000000000000, 0.8660254037844387100, 1.000000000000000000, 0.8660254037844387100, 1.000000000000000000, 0.8660254037844387100, 1.000000000000000000, 0.8660254037844387100, 1.000000000000000000, 0.8660254037844387100, 1.000000000000000000, 0.8660254037844387100, 1.000000000000000000, 0.8660254037844387100, 1.000000000000000000, 0.8660254037844387100, 1.000000000000000000, 0.8660254037844387100, 1.000000000000000000, 0.8660254037844387100, 1.000000000000000000, 0.8660254037844387100, 1.000000000000000000, 0.8660254037844387100, 1.000000000000000000, 0.8660254037844387100, 1.000000000000000000, 0.8660254037844387100, 1.000000000000000000, 0.8660254037844387100, 1.000000000000000000, 0.8660254037844387100, 1.000000000000000000, 0.8660254037844387100, 1.000000000000000000, 0.8660254037844387100, 1.000000000000000000, 0.8660254037844387100, 1.000000000000000000) ) ) 
 REPRESENTATION_ITEM ( '' )  SURFACE ( )  );
#285 = CARTESIAN_POINT ( 'NONE',  ( -0.08583594327095252200, -0.04842133793913609000, 0.08347252945991572000 ) ) ;
#286 = DIRECTION ( 'NONE',  ( 0.02637920140857322900, 1.119651246717090400E-013, -0.9996520083174174100 ) ) ;
#287 = CARTESIAN_POINT ( 'NONE',  ( -0.04050260993761928300, -0.1115000000000000200, -0.0001978440105654729500 ) ) ;
#288 = CARTESIAN_POINT ( 'NONE',  ( -0.09283072339571378500, 0.04807866206086557800, -0.08367037347047999500 ) ) ;
#289 = CARTESIAN_POINT ( 'NONE',  ( -0.04749739006238053900, 0.08150000000000001700, -0.0001978440105634613700 ) ) ;
#290 = VERTEX_POINT ( 'NONE', #1163 ) ;
#291 = CARTESIAN_POINT ( 'NONE',  ( -0.02316927660428597400, -0.1116142252927575100, 0.06417671100407787400 ) ) ;
#292 = CARTESIAN_POINT ( 'NONE',  ( -0.09016405672904713500, -0.04842133793913441800, -0.08347252945991669200 ) ) ;
#293 = CARTESIAN_POINT ( 'NONE',  ( -0.07116927660428590300, -0.1116142252927575100, 0.06417671100407787400 ) ) ;
#294 = CARTESIAN_POINT ( 'NONE',  ( -0.1341640567290470500, -0.09638577470724370200, 0.05591214498736223800 ) ) ;
#295 = CARTESIAN_POINT ( 'NONE',  ( -0.03549739006238057700, 0.0002284505855127448900, 0.09410809387790901300 ) ) ;
#296 = CARTESIAN_POINT ( 'NONE',  ( -0.008502609937619341100, -0.1115000000000000200, -0.0001978440105654729500 ) ) ;
#297 = CARTESIAN_POINT ( 'NONE',  ( 0.007497390062380628900, -0.09650000000000001600, -0.0001978440105653491600 ) ) ;
#298 = CARTESIAN_POINT ( 'NONE',  ( -0.07416405672904716200, -0.04842133793913441800, -0.08347252945991669200 ) ) ;
#299 = CARTESIAN_POINT ( 'NONE',  ( -0.008830723395713965500, -0.1116142252927561800, -0.06417671100408012300 ) ) ;
#300 = CARTESIAN_POINT ( 'NONE',  ( -0.09549739006238043600, 0.08150000000000001700, -0.0001978440105634613700 ) ) ;
#301 = CARTESIAN_POINT ( 'NONE',  ( -0.05283072339571386700, -0.04057866206086540400, 0.07067999241371353300 ) ) ;
#302 = CARTESIAN_POINT ( 'NONE',  ( -0.1031692766042858300, -0.09661422529275742700, 0.05551645696623364000 ) ) ;
#303 = CARTESIAN_POINT ( 'NONE',  ( -0.07016405672904717200, -0.09638577470724370200, 0.05591214498736223800 ) ) ;
#304 = CARTESIAN_POINT ( 'NONE',  ( -0.06983594327095255000, -0.05592133793913622900, 0.09646291051668223800 ) ) ;
#305 = CARTESIAN_POINT ( 'NONE',  ( -0.05016405672904721000, 0.04092133793913459200, 0.07048214840315002200 ) ) ;
#306 = CARTESIAN_POINT ( 'NONE',  ( -0.1021640567290471000, -0.08138577470724363300, 0.04725189094951801100 ) ) ;
#307 = CARTESIAN_POINT ( 'NONE',  ( -0.06450260993761923500, 0.1115000000000000200, 0.0001978440105654593400 ) ) ;
#308 = CARTESIAN_POINT ( 'NONE',  ( -0.02483072339571393300, -0.1116142252927561800, -0.06417671100408012300 ) ) ;
#309 = COORDINATED_UNIVERSAL_TIME_OFFSET ( 6, 0, .BEHIND. ) ;
#310 = CARTESIAN_POINT ( 'NONE',  ( -0.01949739006238059700, 0.0002284505855127448900, 0.09410809387790901300 ) ) ;
#311 = CARTESIAN_POINT ( 'NONE',  ( -0.01250260993761932900, 0.0002284505855146793500, -0.09410809387790901300 ) ) ;
#312 = CARTESIAN_POINT ( 'NONE',  ( -0.04583594327095259800, 0.05592133793913627700, -0.09646291051668221000 ) ) ;
#313 = CARTESIAN_POINT ( 'NONE',  ( -0.1125026099376193700, 0.09650000000000001600, 0.0001978440105750747500 ) ) ;
#314 = EDGE_CURVE ( 'NONE', #620, #1572, #811, .T. ) ;
#315 = CARTESIAN_POINT ( 'NONE',  ( -0.06183594327095256300, 0.05592133793913627700, -0.09646291051668221000 ) ) ;
#316 = CARTESIAN_POINT ( 'NONE',  ( -0.03149739006238057300, 0.08150000000000001700, -0.0001978440105634613700 ) ) ;
#317 = CARTESIAN_POINT ( 'NONE',  ( -0.1288307233957137200, 0.08161422529275638700, 0.04685620292839103000 ) ) ;
#318 = CARTESIAN_POINT ( 'NONE',  ( -0.1031692766042858200, -0.1116142252927575100, 0.06417671100407787400 ) ) ;
#319 = DIRECTION ( 'NONE',  ( 0.02637920140857322900, 1.119651246717090400E-013, -0.9996520083174174100 ) ) ;
#320 = CARTESIAN_POINT ( 'NONE',  ( -0.03149739006238058700, 0.1115000000000000200, -0.0001978440105631387700 ) ) ;
#321 = CARTESIAN_POINT ( 'NONE',  ( -0.09149739006238044600, -0.0002284505855127334000, -0.09410809387790901300 ) ) ;
#322 = CARTESIAN_POINT ( 'NONE',  ( -0.004502609937619344400, -0.0002284505855146678600, 0.09410809387790901300 ) ) ;
#323 = CARTESIAN_POINT ( 'NONE',  ( -0.05650260993761924100, -0.1115000000000000200, -0.0001978440105654729500 ) ) ;
#324 = CARTESIAN_POINT ( 'NONE',  ( -0.01949739006238060100, 0.0002284505855125597900, 0.1114286019535977900 ) ) ;
#325 = CARTESIAN_POINT ( 'NONE',  ( -0.09949739006238046700, 0.0002284505855123745300, 0.1287491100292865500 ) ) ;
#326 = CARTESIAN_POINT ( 'NONE',  ( -0.1141640567290471000, 0.04092133793913459200, 0.07048214840315002200 ) ) ;
#327 = CC_DESIGN_PERSON_AND_ORGANIZATION_ASSIGNMENT ( #834, #244, ( #427 ) ) ;
#328 = CARTESIAN_POINT ( 'NONE',  ( -0.03016405672904724400, 0.09638577470724371500, -0.05591214498736221700 ) ) ;
#329 = CARTESIAN_POINT ( 'NONE',  ( -0.02583594327095263500, -0.08138577470724267500, -0.04725189094951964100 ) ) ;
#330 = FACE_OUTER_BOUND ( 'NONE', #594, .T. ) ;
#331 = CARTESIAN_POINT ( 'NONE',  ( -0.04850260993761926900, 0.1115000000000000200, 0.0001978440105654593400 ) ) ;
#332 = VECTOR ( 'NONE', #471, 39.37007874015748100 ) ;
#333 = CARTESIAN_POINT ( 'NONE',  ( -0.04483072339571388800, 0.04807866206086557800, -0.08367037347047999500 ) ) ;
#334 = CARTESIAN_POINT ( 'NONE',  ( -0.05416405672904721400, -0.1113857747072438100, 0.06457239902520645100 ) ) ;
#335 = CARTESIAN_POINT ( 'NONE',  ( -0.09683072339571378900, 0.08161422529275638700, 0.04685620292839103000 ) ) ;
#336 = EDGE_LOOP ( 'NONE', ( #1360, #1076, #1139, #116 ) ) ;
#337 = CARTESIAN_POINT ( 'NONE',  ( -8.003460918938271100E-019, -0.09650000000000001600, -1.050162452764645100E-015 ) ) ;
#338 = CARTESIAN_POINT ( 'NONE',  ( -0.01916927660428597800, 0.04057866206086403100, 0.07067999241371432400 ) ) ;
#339 = CARTESIAN_POINT ( 'NONE',  ( -0.04216405672904723100, -0.05592133793913427900, -0.09646291051668333400 ) ) ;
#340 = CARTESIAN_POINT ( 'NONE',  ( 0.01228701099404927400, -0.09650000000000817600, 0.7499368502486265500 ) ) ;
#341 = CARTESIAN_POINT ( 'NONE',  ( -0.09949739006238043900, 0.0002284505855125597900, 0.1114286019535977900 ) ) ;
#342 = CARTESIAN_POINT ( 'NONE',  ( -0.1048307233957137500, -0.1116142252927561800, -0.06417671100408012300 ) ) ;
#343 = CARTESIAN_POINT ( 'NONE',  ( -0.01650260993761931700, 0.08150000000000001700, 0.0001978440105651366800 ) ) ;
#344 = CARTESIAN_POINT ( 'NONE',  ( -0.03816405672904723400, -0.09638577470724370200, 0.05591214498736223800 ) ) ;
#345 = CARTESIAN_POINT ( 'NONE',  ( -0.06583594327095256000, 0.08138577470724270300, 0.04725189094951961300 ) ) ;
#346 = CARTESIAN_POINT ( 'NONE',  ( -0.07016405672904717200, -0.1113857747072438100, 0.06457239902520645100 ) ) ;
#347 = CARTESIAN_POINT ( 'NONE',  ( -0.07416405672904716200, -0.04842133793913441800, -0.08347252945991669200 ) ) ;
#348 = CARTESIAN_POINT ( 'NONE',  ( -0.1008307233957137800, -0.04807866206086553600, 0.08367037347048002200 ) ) ;
#349 = CARTESIAN_POINT ( 'NONE',  ( -0.05283072339571386700, -0.05557866206086566100, 0.09666075452724652600 ) ) ;
#350 = CARTESIAN_POINT ( 'NONE',  ( -0.1234973900623804000, -0.0002284505855127334000, -0.09410809387790901300 ) ) ;
#351 = CARTESIAN_POINT ( 'NONE',  ( -0.06349739006238051800, 0.09650000000000001600, -0.0001978440105633000700 ) ) ;
#352 = CARTESIAN_POINT ( 'NONE',  ( -0.1205026099376191000, -0.08150000000000001700, -0.0001978440105651466300 ) ) ;
#353 = CARTESIAN_POINT ( 'NONE',  ( -0.008830723395713958500, -0.08161422529275637300, -0.04685620292839103700 ) ) ;
#354 = CARTESIAN_POINT ( 'NONE',  ( -0.08050260993761919300, 0.09650000000000001600, 0.0001978440105652979800 ) ) ;
#355 = CARTESIAN_POINT ( 'NONE',  ( -0.06749739006238052200, 0.0002284505855123745300, 0.1287491100292865500 ) ) ;
#356 = CARTESIAN_POINT ( 'NONE',  ( -0.05949739006238052200, -0.0002284505855125461000, -0.1114286019535977900 ) ) ;
#357 = CARTESIAN_POINT ( 'NONE',  ( -0.02616405672904725800, -0.04842133793913441800, -0.08347252945991669200 ) ) ;
#358 = CARTESIAN_POINT ( 'NONE',  ( -0.1208307233957137400, -0.08161422529275637300, -0.04685620292839103700 ) ) ;
#359 = DATE_AND_TIME ( #1157, #725 ) ;
#360 = CARTESIAN_POINT ( 'NONE',  ( -0.1341640567290470500, -0.09638577470724370200, 0.05591214498736223800 ) ) ;
#361 = CARTESIAN_POINT ( 'NONE',  ( -0.08316927660428583000, 0.04057866206086403100, 0.07067999241371432400 ) ) ;
#362 = CARTESIAN_POINT ( 'NONE',  ( -0.03383594327095262200, 0.09638577470724259100, 0.05591214498736416700 ) ) ;
#363 = CARTESIAN_POINT ( 'NONE',  ( -0.03949739006238056600, -0.1115000000000000200, 0.0001978440105631251300 ) ) ;
#364 = CARTESIAN_POINT ( 'NONE',  ( -0.09416405672904711000, 0.09638577470724372900, -0.05591214498736221000 ) ) ;
#365 = CARTESIAN_POINT ( 'NONE',  ( -0.08716927660428584700, -0.08161422529275734500, 0.04685620292838939300 ) ) ;
#366 = CARTESIAN_POINT ( 'NONE',  ( -0.1125026099376191100, 0.08150000000000001700, 0.0001978440105651366800 ) ) ;
#367 = CARTESIAN_POINT ( 'NONE',  ( -0.02983594327095262900, 0.04842133793913613200, -0.08347252945991569300 ) ) ;
#368 = CARTESIAN_POINT ( 'NONE',  ( -0.1061640567290471200, -0.05592133793913427900, -0.09646291051668333400 ) ) ;
#369 = CARTESIAN_POINT ( 'NONE',  ( -0.09283072339571378500, 0.04807866206086557800, -0.08367037347047999500 ) ) ;
#370 = CARTESIAN_POINT ( 'NONE',  ( -0.04850260993761925500, 0.08150000000000001700, 0.0001978440105651366800 ) ) ;
#371 = CARTESIAN_POINT ( 'NONE',  ( -0.01250260993761933200, 0.0002284505855148666800, -0.1114286019535977900 ) ) ;
#372 = CARTESIAN_POINT ( 'NONE',  ( -0.05783594327095257400, -0.09638577470724257700, -0.05591214498736418700 ) ) ;
#373 = CARTESIAN_POINT ( 'NONE',  ( -0.1034973900623804600, -0.1115000000000000200, 0.0001978440105631251300 ) ) ;
#374 = CARTESIAN_POINT ( 'NONE',  ( -0.1221640567290470500, -0.04842133793913441800, -0.08347252945991669200 ) ) ;
#375 = CARTESIAN_POINT ( 'NONE',  ( -0.09516927660428584100, 0.08161422529275735900, -0.04685620292838939300 ) ) ;
#376 = CARTESIAN_POINT ( 'NONE',  ( -0.08450260993761918300, -0.0002284505855148530400, 0.1114286019535977900 ) ) ;
#377 = CARTESIAN_POINT ( 'NONE',  ( -0.02316927660428598100, -0.09661422529275741400, 0.05551645696623364000 ) ) ;
#378 = CARTESIAN_POINT ( 'NONE',  ( -0.1354973900623803500, -0.1115000000000000200, 0.0001978440105631251300 ) ) ;
#379 = CYLINDRICAL_SURFACE ( 'NONE', #1212, 0.007500000000000012700 ) ;
#380 = CARTESIAN_POINT ( 'NONE',  ( -0.1031692766042858200, -0.08161422529275734500, 0.04685620292838939300 ) ) ;
#381 = ORIENTED_EDGE ( 'NONE', *, *, #1710, .F. ) ;
#382 = CARTESIAN_POINT ( 'NONE',  ( -0.02583594327095263900, -0.09638577470724257700, -0.05591214498736418700 ) ) ;
#383 = CARTESIAN_POINT ( 'NONE',  ( -0.008830723395713960300, -0.09661422529275628900, -0.05551645696623559000 ) ) ;
#384 = CARTESIAN_POINT ( 'NONE',  ( -0.03949739006238056600, -0.09650000000000001600, 0.0001978440105632882500 ) ) ;
#385 = CARTESIAN_POINT ( 'NONE',  ( -0.06583594327095256000, 0.08138577470724270300, 0.04725189094951961300 ) ) ;
#386 = CARTESIAN_POINT ( 'NONE',  ( -0.05016405672904721700, 0.04842133793913445300, 0.08347252945991667800 ) ) ;
#387 = CARTESIAN_POINT ( 'NONE',  ( -0.03650260993761927900, -0.0002284505855148530400, 0.1114286019535977900 ) ) ;
#388 = CARTESIAN_POINT ( 'NONE',  ( -0.01949739006238060100, 0.0002284505855125597900, 0.1114286019535977900 ) ) ;
#389 = CARTESIAN_POINT ( 'NONE',  ( -0.1261640567290470400, 0.1113857747072438100, -0.06457239902520645100 ) ) ;
#390 = SECURITY_CLASSIFICATION_LEVEL ( 'unclassified' ) ;
#391 = CARTESIAN_POINT ( 'NONE',  ( -0.02050260993761931400, -0.0002284505855148530400, 0.1114286019535977900 ) ) ;
#392 = CARTESIAN_POINT ( 'NONE',  ( -0.007497390062380629800, -0.09650000000000001600, 0.0001978440105632882500 ) ) ;
#393 = CARTESIAN_POINT ( 'NONE',  ( -0.08850260993761918700, -0.09650000000000001600, -0.0001978440105653098000 ) ) ;
#394 = CARTESIAN_POINT ( 'NONE',  ( -0.05016405672904721700, 0.04842133793913445300, 0.08347252945991667800 ) ) ;
#395 = CARTESIAN_POINT ( 'NONE',  ( -0.08216405672904714100, 0.04842133793913445300, 0.08347252945991667800 ) ) ;
#396 = PERSON_AND_ORGANIZATION_ROLE ( 'design_owner' ) ;
#397 = CARTESIAN_POINT ( 'NONE',  ( -0.05916927660428589900, -0.04807866206086386400, -0.08367037347048099400 ) ) ;
#398 = CARTESIAN_POINT ( 'NONE',  ( -0.06749739006238050800, 0.0002284505855125597900, 0.1114286019535977900 ) ) ;
#399 = CARTESIAN_POINT ( 'NONE',  ( -0.02316927660428597400, -0.09661422529275742700, 0.05551645696623364000 ) ) ;
#400 = CARTESIAN_POINT ( 'NONE',  ( -0.08316927660428585800, 0.04807866206086389800, 0.08367037347048098000 ) ) ;
#401 = ORIENTED_EDGE ( 'NONE', *, *, #1256, .T. ) ;
#402 = CARTESIAN_POINT ( 'NONE',  ( -0.1234973900623803900, -0.0002284505855125460800, -0.1114286019535977900 ) ) ;
#403 = CARTESIAN_POINT ( 'NONE',  ( -0.1114973900623804200, 0.09650000000000001600, -0.0001978440105633000700 ) ) ;
#404 = APPROVAL_STATUS ( 'not_yet_approved' ) ;
#405 = CARTESIAN_POINT ( 'NONE',  ( -0.06850260993761921000, -0.0002284505855148530400, 0.1114286019535977900 ) ) ;
#406 = CARTESIAN_POINT ( 'NONE',  ( -0.01416405672904728600, 0.09638577470724371500, -0.05591214498736221700 ) ) ;
#407 = CARTESIAN_POINT ( 'NONE',  ( -0.02583594327095263900, -0.1113857747072424700, -0.06457239902520872700 ) ) ;
#408 = CARTESIAN_POINT ( 'NONE',  ( -0.02216405672904726800, -0.09638577470724370200, 0.05591214498736223800 ) ) ;
#409 = CARTESIAN_POINT ( 'NONE',  ( -0.1194973900623804000, -0.09650000000000001600, 0.0001978440105632882500 ) ) ;
#410 = CARTESIAN_POINT ( 'NONE',  ( -0.02983594327095262900, 0.04842133793913613200, -0.08347252945991569300 ) ) ;
#411 = CARTESIAN_POINT ( 'NONE',  ( -0.1354973900623803500, -0.09650000000000001600, 0.0001978440105632882500 ) ) ;
#412 = CARTESIAN_POINT ( 'NONE',  ( -0.04850260993761926900, 0.1115000000000000200, 0.0001978440105654593400 ) ) ;
#413 = CARTESIAN_POINT ( 'NONE',  ( -0.05949739006238052900, -0.0002284505855125460800, -0.1114286019535977900 ) ) ;
#414 = EDGE_CURVE ( 'NONE', #290, #1362, #1214, .T. ) ;
#415 = CARTESIAN_POINT ( 'NONE',  ( -0.1288307233957137200, 0.09661422529275630300, 0.05551645696623556300 ) ) ;
#416 = CARTESIAN_POINT ( 'NONE',  ( -0.03516927660428595400, 0.04807866206086389800, 0.08367037347048098000 ) ) ;
#417 = CARTESIAN_POINT ( 'NONE',  ( -0.1328307233957137000, -0.04807866206086553600, 0.08367037347048002200 ) ) ;
#418 = CARTESIAN_POINT ( 'NONE',  ( -0.1151692766042857900, 0.04807866206086389800, 0.08367037347048098000 ) ) ;
#419 = CARTESIAN_POINT ( 'NONE',  ( -0.06883072339571384700, -0.04807866206086553600, 0.08367037347048002200 ) ) ;
#420 = CARTESIAN_POINT ( 'NONE',  ( -0.06216405672904718600, 0.09638577470724371500, -0.05591214498736221700 ) ) ;
#421 = CARTESIAN_POINT ( 'NONE',  ( -0.02183594327095264900, -0.05592133793913622900, 0.09646291051668223800 ) ) ;
#422 = CARTESIAN_POINT ( 'NONE',  ( -0.08083072339571381600, 0.09661422529275630300, 0.05551645696623556300 ) ) ;
#423 = APPROVAL_PERSON_ORGANIZATION ( #1532, #1700, #813 ) ;
#424 = CARTESIAN_POINT ( 'NONE',  ( -0.1045026099376191500, -0.09650000000000001600, -0.0001978440105653098000 ) ) ;
#425 = CARTESIAN_POINT ( 'NONE',  ( -0.09016405672904713500, -0.04842133793913441800, -0.08347252945991669200 ) ) ;
#426 = CARTESIAN_POINT ( 'NONE',  ( -0.04349739006238055600, -0.0002284505855127334000, -0.09410809387790901300 ) ) ;
#427 = PRODUCT_DEFINITION_FORMATION_WITH_SPECIFIED_SOURCE ( 'ANY', '', #699, .NOT_KNOWN. ) ;
#428 = CARTESIAN_POINT ( 'NONE',  ( -0.1111692766042857900, 0.09661422529275742700, -0.05551645696623362000 ) ) ;
#429 = CARTESIAN_POINT ( 'NONE',  ( -0.09283072339571378500, 0.04807866206086557800, -0.08367037347047999500 ) ) ;
#430 = CARTESIAN_POINT ( 'NONE',  ( -0.03016405672904724800, 0.08138577470724364700, -0.04725189094951799700 ) ) ;
#431 = CARTESIAN_POINT ( 'NONE',  ( -0.08216405672904714100, 0.04842133793913445300, 0.08347252945991667800 ) ) ;
#432 = CARTESIAN_POINT ( 'NONE',  ( -0.001835943270952687000, 0.1113857747072424900, 0.06457239902520871300 ) ) ;
#433 = CARTESIAN_POINT ( 'NONE',  ( -0.1048307233957137500, -0.09661422529275628900, -0.05551645696623559000 ) ) ;
#434 = CARTESIAN_POINT ( 'NONE',  ( -0.09816405672904711400, 0.04092133793913459200, 0.07048214840315002200 ) ) ;
#435 = CARTESIAN_POINT ( 'NONE',  ( -0.08050260993761919300, 0.09650000000000001600, 0.0001978440105652979800 ) ) ;
#436 = CARTESIAN_POINT ( 'NONE',  ( -0.09816405672904710000, 0.04842133793913445300, 0.08347252945991667800 ) ) ;
#437 = CARTESIAN_POINT ( 'NONE',  ( -0.1085026099376191600, 0.0002284505855150540500, -0.1287491100292865500 ) ) ;
#438 = CARTESIAN_POINT ( 'NONE',  ( -0.06483072339571384300, 0.09661422529275630300, 0.05551645696623556300 ) ) ;
#439 = CARTESIAN_POINT ( 'NONE',  ( -0.06083072339571385400, 0.04057866206086544600, -0.07067999241371350500 ) ) ;
#440 = CARTESIAN_POINT ( 'NONE',  ( -0.1191692766042857900, -0.09661422529275742700, 0.05551645696623364000 ) ) ;
#441 = CARTESIAN_POINT ( 'NONE',  ( -0.09016405672904713500, -0.04842133793913441800, -0.08347252945991669200 ) ) ;
#442 = CARTESIAN_POINT ( 'NONE',  ( -0.01416405672904728400, 0.1113857747072438100, -0.06457239902520645100 ) ) ;
#443 = CARTESIAN_POINT ( 'NONE',  ( -0.01149739006238061900, -0.0002284505855127334000, -0.09410809387790901300 ) ) ;
#444 = CARTESIAN_POINT ( 'NONE',  ( -0.09016405672904713500, -0.04092133793913456400, -0.07048214840315004900 ) ) ;
#445 = CYLINDRICAL_SURFACE ( 'NONE', #1474, 0.007500000000000012700 ) ;
#446 = CARTESIAN_POINT ( 'NONE',  ( -0.05383594327095259100, -0.05592133793913622900, 0.09646291051668223800 ) ) ;
#447 = CARTESIAN_POINT ( 'NONE',  ( -0.07683072339571382600, 0.04807866206086557800, -0.08367037347047999500 ) ) ;
#448 = CARTESIAN_POINT ( 'NONE',  ( -0.08983594327095251200, -0.1113857747072424700, -0.06457239902520872700 ) ) ;
#449 = CARTESIAN_POINT ( 'NONE',  ( -0.02616405672904725100, -0.04092133793913456400, -0.07048214840315004900 ) ) ;
#450 = CARTESIAN_POINT ( 'NONE',  ( -0.1128307233957137300, 0.08161422529275638700, 0.04685620292839103000 ) ) ;
#451 = CARTESIAN_POINT ( 'NONE',  ( -0.05116927660428592700, 0.05557866206086376600, 0.09666075452724762200 ) ) ;
#452 = CARTESIAN_POINT ( 'NONE',  ( -0.08716927660428584700, -0.1116142252927575100, 0.06417671100407787400 ) ) ;
#453 = CARTESIAN_POINT ( 'NONE',  ( -0.01416405672904728000, 0.08138577470724364700, -0.04725189094951799700 ) ) ;
#454 = CARTESIAN_POINT ( 'NONE',  ( -0.05116927660428592000, 0.04057866206086403100, 0.07067999241371432400 ) ) ;
#455 = CARTESIAN_POINT ( 'NONE',  ( -0.03650260993761927900, -0.0002284505855150382800, 0.1287491100292865500 ) ) ;
#456 = CARTESIAN_POINT ( 'NONE',  ( -0.09650260993761916600, 0.1115000000000000200, 0.0001978440105654593400 ) ) ;
#457 = CARTESIAN_POINT ( 'NONE',  ( -0.07949739006238047700, 0.08150000000000001700, -0.0001978440105634613700 ) ) ;
#458 = APPROVAL ( #1370, 'UNSPECIFIED' ) ;
#459 = CARTESIAN_POINT ( 'NONE',  ( -0.1200000000000000000, 0.09650000000000001600, 1.077578067733623400E-014 ) ) ;
#460 = CARTESIAN_POINT ( 'NONE',  ( -0.04850260993761925500, 0.08150000000000001700, 0.0001978440105651366800 ) ) ;
#461 = CARTESIAN_POINT ( 'NONE',  ( -0.1071692766042858100, -0.05557866206086371100, -0.09666075452724765000 ) ) ;
#462 = CARTESIAN_POINT ( 'NONE',  ( -0.02883072339571391900, 0.04807866206086557800, -0.08367037347047999500 ) ) ;
#463 = CARTESIAN_POINT ( 'NONE',  ( -0.09816405672904711400, 0.05592133793913432000, 0.09646291051668333400 ) ) ;
#464 = PERSON_AND_ORGANIZATION ( #864, #1292 ) ;
#465 = CARTESIAN_POINT ( 'NONE',  ( -0.04349739006238055600, -0.0002284505855127334000, -0.09410809387790901300 ) ) ;
#466 = ORIENTED_EDGE ( 'NONE', *, *, #596, .T. ) ;
#467 = CARTESIAN_POINT ( 'NONE',  ( 0.0008307233957139792800, 0.08161422529275735900, -0.04685620292838939300 ) ) ;
#468 = CARTESIAN_POINT ( 'NONE',  ( -0.07383594327095255300, -0.1113857747072424700, -0.06457239902520872700 ) ) ;
#469 = CARTESIAN_POINT ( 'NONE',  ( -0.09549739006238046300, 0.1115000000000000200, -0.0001978440105631387700 ) ) ;
#470 = CARTESIAN_POINT ( 'NONE',  ( -0.1314973900623803700, 0.0002284505855127448900, 0.09410809387790901300 ) ) ;
#471 = DIRECTION ( 'NONE',  ( -0.02637920140857320100, 1.087899301893679800E-014, -0.9996520083174174100 ) ) ;
#472 = CARTESIAN_POINT ( 'NONE',  ( -0.03916927660428594400, -0.08161422529275734500, 0.04685620292838939300 ) ) ;
#473 = CARTESIAN_POINT ( 'NONE',  ( -0.007497390062380634100, -0.1115000000000000200, 0.0001978440105631251300 ) ) ;
#474 = CARTESIAN_POINT ( 'NONE',  ( -0.03816405672904723400, -0.09638577470724368800, 0.05591214498736223800 ) ) ;
#475 = ADVANCED_BREP_SHAPE_REPRESENTATION ( '9271K863_Torsion Spring', ( #934, #498 ), #1016 ) ;
#476 = CARTESIAN_POINT ( 'NONE',  ( -0.07149739006238049800, -0.1115000000000000200, 0.0001978440105631251300 ) ) ;
#477 = CARTESIAN_POINT ( 'NONE',  ( -0.09949739006238042500, 0.0002284505855127448900, 0.09410809387790901300 ) ) ;
#478 = CARTESIAN_POINT ( 'NONE',  ( -0.02616405672904725800, -0.04842133793913441800, -0.08347252945991669200 ) ) ;
#479 = CARTESIAN_POINT ( 'NONE',  ( -0.1341640567290470500, -0.08138577470724363300, 0.04725189094951801100 ) ) ;
#480 = CARTESIAN_POINT ( 'NONE',  ( -0.007497390062380626300, -0.08150000000000001700, 0.0001978440105634513700 ) ) ;
#481 = CARTESIAN_POINT ( 'NONE',  ( -0.06349739006238051800, 0.1115000000000000200, -0.0001978440105631387700 ) ) ;
#482 = CARTESIAN_POINT ( 'NONE',  ( -0.05283072339571387400, -0.04807866206086553600, 0.08367037347048002200 ) ) ;
#483 = CARTESIAN_POINT ( 'NONE',  ( -0.1114973900623804200, 0.09650000000000001600, -0.0001978440105633000700 ) ) ;
#484 = CARTESIAN_POINT ( 'NONE',  ( -0.05549739006238053900, -0.1115000000000000200, 0.0001978440105631251300 ) ) ;
#485 = CARTESIAN_POINT ( 'NONE',  ( -0.02450260993761930000, -0.08150000000000001700, -0.0001978440105651466300 ) ) ;
#486 = CARTESIAN_POINT ( 'NONE',  ( -0.1261640567290470400, 0.09638577470724371500, -0.05591214498736221700 ) ) ;
#487 = CARTESIAN_POINT ( 'NONE',  ( -0.02483072339571392600, -0.09661422529275628900, -0.05551645696623559000 ) ) ;
#488 = CARTESIAN_POINT ( 'NONE',  ( -0.1005026099376191300, -0.0002284505855146678600, 0.09410809387790901300 ) ) ;
#489 = CARTESIAN_POINT ( 'NONE',  ( -0.08216405672904715500, 0.05592133793913432000, 0.09646291051668333400 ) ) ;
#490 = CARTESIAN_POINT ( 'NONE',  ( -0.05683072339571386400, -0.09661422529275627600, -0.05551645696623559000 ) ) ;
#491 = CARTESIAN_POINT ( 'NONE',  ( -0.06083072339571386100, 0.05557866206086570900, -0.09666075452724649800 ) ) ;
#492 = CARTESIAN_POINT ( 'NONE',  ( 0.007497390062380632400, -0.08150000000000001700, -0.0001978440105651466300 ) ) ;
#493 = CARTESIAN_POINT ( 'NONE',  ( -0.06083072339571386100, 0.04807866206086557800, -0.08367037347047999500 ) ) ;
#494 = CARTESIAN_POINT ( 'NONE',  ( -0.06183594327095256300, 0.04092133793913600700, -0.07048214840314920300 ) ) ;
#495 = CARTESIAN_POINT ( 'NONE',  ( -0.01116927660428600000, -0.04807866206086386400, -0.08367037347048099400 ) ) ;
#496 = CARTESIAN_POINT ( 'NONE',  ( -0.08749739006238048400, -0.1115000000000000200, 0.0001978440105631251300 ) ) ;
#497 = CARTESIAN_POINT ( 'NONE',  ( -0.1074973900623804300, -0.0002284505855125461000, -0.1114286019535977900 ) ) ;
#498 = AXIS2_PLACEMENT_3D ( 'NONE', #1772, #256, #1510 ) ;
#499 = CARTESIAN_POINT ( 'NONE',  ( -0.03149739006238058000, 0.09650000000000001600, -0.0001978440105633000700 ) ) ;
#500 = CARTESIAN_POINT ( 'NONE',  ( 0.002164056729047310100, 0.04092133793913600700, -0.07048214840314920300 ) ) ;
#501 = CARTESIAN_POINT ( 'NONE',  ( -0.008830723395713960300, -0.09661422529275628900, -0.05551645696623559000 ) ) ;
#502 = CARTESIAN_POINT ( 'NONE',  ( -0.07783594327095252900, 0.04092133793913600700, -0.07048214840314920300 ) ) ;
#503 = CARTESIAN_POINT ( 'NONE',  ( -0.01650260993761932400, 0.09650000000000001600, 0.0001978440105652979800 ) ) ;
#504 = CARTESIAN_POINT ( 'NONE',  ( -0.02483072339571393300, -0.1116142252927561800, -0.06417671100408012300 ) ) ;
#505 = CARTESIAN_POINT ( 'NONE',  ( -0.1061640567290470900, -0.04842133793913441800, -0.08347252945991669200 ) ) ;
#506 = CARTESIAN_POINT ( 'NONE',  ( 0.007497390062380629800, -0.09650000000000001600, -0.0001978440105653098000 ) ) ;
#507 = CARTESIAN_POINT ( 'NONE',  ( -0.06716927660428588500, 0.04057866206086403100, 0.07067999241371432400 ) ) ;
#508 = CARTESIAN_POINT ( 'NONE',  ( -0.06716927660428588500, 0.04807866206086389800, 0.08367037347048098000 ) ) ;
#509 = CARTESIAN_POINT ( 'NONE',  ( -0.01016405672904729100, -0.04842133793913441800, -0.08347252945991669200 ) ) ;
#510 = CARTESIAN_POINT ( 'NONE',  ( -0.1194973900623804000, -0.09650000000000001600, 0.0001978440105632882500 ) ) ;
#511 = CARTESIAN_POINT ( 'NONE',  ( -0.07383594327095252500, -0.08138577470724267500, -0.04725189094951964100 ) ) ;
#512 = DATE_AND_TIME ( #877, #1749 ) ;
#513 = CARTESIAN_POINT ( 'NONE',  ( -0.09650260993761916600, 0.08150000000000001700, 0.0001978440105651366800 ) ) ;
#514 = CARTESIAN_POINT ( 'NONE',  ( -0.003169276604286015700, 0.04807866206086389800, 0.08367037347048098000 ) ) ;
#515 = FACE_OUTER_BOUND ( 'NONE', #1097, .T. ) ;
#516 = CARTESIAN_POINT ( 'NONE',  ( -0.03283072339571391200, 0.09661422529275630300, 0.05551645696623556300 ) ) ;
#517 = CARTESIAN_POINT ( 'NONE',  ( -0.1034973900623804300, -0.09650000000000001600, 0.0001978440105632882500 ) ) ;
#518 = CARTESIAN_POINT ( 'NONE',  ( -0.04316927660428593300, -0.04057866206086400300, -0.07067999241371433800 ) ) ;
#519 = CARTESIAN_POINT ( 'NONE',  ( -0.09650260993761918000, 0.09650000000000001600, 0.0001978440105652979800 ) ) ;
#520 = CARTESIAN_POINT ( 'NONE',  ( -0.04316927660428592600, -0.04807866206086386400, -0.08367037347048099400 ) ) ;
#521 = CARTESIAN_POINT ( 'NONE',  ( -0.01949739006238060100, 0.0002284505855125597900, 0.1114286019535977900 ) ) ;
#522 = CARTESIAN_POINT ( 'NONE',  ( -0.08183594327095254600, 0.08138577470724270300, 0.04725189094951961300 ) ) ;
#523 = CARTESIAN_POINT ( 'NONE',  ( -0.05116927660428592000, 0.04807866206086389800, 0.08367037347048098000 ) ) ;
#524 = CARTESIAN_POINT ( 'NONE',  ( -0.03283072339571391200, 0.09661422529275630300, 0.05551645696623556300 ) ) ;
#525 = CARTESIAN_POINT ( 'NONE',  ( -0.01283072339571395200, 0.04807866206086557800, -0.08367037347047999500 ) ) ;
#526 =( LENGTH_UNIT ( ) NAMED_UNIT ( * ) SI_UNIT ( $, .METRE. ) );
#527 = CARTESIAN_POINT ( 'NONE',  ( -0.04850260993761925500, 0.09650000000000001600, 0.0001978440105652979800 ) ) ;
#528 = CARTESIAN_POINT ( 'NONE',  ( -0.04883072339571388500, 0.09661422529275630300, 0.05551645696623556300 ) ) ;
#529 = CARTESIAN_POINT ( 'NONE',  ( -0.06450260993761922100, 0.09650000000000001600, 0.0001978440105652979800 ) ) ;
#530 = CARTESIAN_POINT ( 'NONE',  ( -0.04483072339571388800, 0.04807866206086557800, -0.08367037347047999500 ) ) ;
#531 = CARTESIAN_POINT ( 'NONE',  ( -0.1114973900623804500, 0.1115000000000000200, -0.0001978440105631387700 ) ) ;
#532 = EDGE_CURVE ( 'NONE', #1513, #1595, #879, .T. ) ;
#533 = CARTESIAN_POINT ( 'NONE',  ( -0.01516927660428599000, 0.09661422529275742700, -0.05551645696623362000 ) ) ;
#534 = CARTESIAN_POINT ( 'NONE',  ( -0.03283072339571391200, 0.09661422529275630300, 0.05551645696623556300 ) ) ;
#535 = LINE ( 'NONE', #1588, #332 ) ;
#536 = CARTESIAN_POINT ( 'NONE',  ( -0.08716927660428586100, -0.09661422529275742700, 0.05551645696623364000 ) ) ;
#537 = CARTESIAN_POINT ( 'NONE',  ( -0.1005026099376191600, -0.0002284505855148530700, 0.1114286019535977900 ) ) ;
#538 = CARTESIAN_POINT ( 'NONE',  ( -0.05283072339571387400, -0.04807866206086553600, 0.08367037347048002200 ) ) ;
#539 =( CONVERSION_BASED_UNIT ( 'INCH', #661 ) LENGTH_UNIT ( ) NAMED_UNIT ( #1105 ) );
#540 = CARTESIAN_POINT ( 'NONE',  ( -0.007169276604286008900, -0.09661422529275742700, 0.05551645696623364000 ) ) ;
#541 = CARTESIAN_POINT ( 'NONE',  ( -0.06883072339571384700, -0.04807866206086553600, 0.08367037347048002200 ) ) ;
#542 = CARTESIAN_POINT ( 'NONE',  ( -0.06050260993761922400, 0.0002284505855148666800, -0.1114286019535977900 ) ) ;
#543 = CARTESIAN_POINT ( 'NONE',  ( -0.08183594327095253300, 0.09638577470724259100, 0.05591214498736416700 ) ) ;
#544 = CARTESIAN_POINT ( 'NONE',  ( -0.1128307233957137500, 0.09661422529275630300, 0.05551645696623556300 ) ) ;
#545 = CARTESIAN_POINT ( 'NONE',  ( -0.04183594327095260100, -0.09638577470724257700, -0.05591214498736418700 ) ) ;
#546 = CARTESIAN_POINT ( 'NONE',  ( -0.1181640567290470800, -0.1113857747072438100, 0.06457239902520645100 ) ) ;
#547 = CARTESIAN_POINT ( 'NONE',  ( -0.03383594327095262900, 0.1113857747072424900, 0.06457239902520871300 ) ) ;
#548 = CARTESIAN_POINT ( 'NONE',  ( -0.08883072339571379500, -0.09661422529275628900, -0.05551645696623559000 ) ) ;
#549 = CARTESIAN_POINT ( 'NONE',  ( -0.06450260993761922100, 0.09650000000000001600, 0.0001978440105652979800 ) ) ;
#550 = CARTESIAN_POINT ( 'NONE',  ( -0.1021640567290470900, -0.09638577470724370200, 0.05591214498736223800 ) ) ;
#551 = ADVANCED_FACE ( 'NONE', ( #946 ), #445, .T. ) ;
#552 = CARTESIAN_POINT ( 'NONE',  ( -0.04450260993761927900, 0.0002284505855150540500, -0.1287491100292865500 ) ) ;
#553 = CARTESIAN_POINT ( 'NONE',  ( -0.1021640567290470900, -0.09638577470724370200, 0.05591214498736223800 ) ) ;
#554 = CARTESIAN_POINT ( 'NONE',  ( -0.1314973900623803700, 0.0002284505855125597900, 0.1114286019535977900 ) ) ;
#555 = PRODUCT_RELATED_PRODUCT_CATEGORY ( 'detail', '', ( #699 ) ) ;
#556 = CARTESIAN_POINT ( 'NONE',  ( 0.007497390062380627200, -0.1115000000000000200, -0.0001978440105654729500 ) ) ;
#557 = CARTESIAN_POINT ( 'NONE',  ( -0.09416405672904711000, 0.09638577470724371500, -0.05591214498736221700 ) ) ;
#558 = CARTESIAN_POINT ( 'NONE',  ( -0.1111692766042857900, 0.09661422529275742700, -0.05551645696623362000 ) ) ;
#559 = CARTESIAN_POINT ( 'NONE',  ( -0.08349739006238046700, 0.0002284505855125597900, 0.1114286019535977900 ) ) ;
#560 = CARTESIAN_POINT ( 'NONE',  ( -0.07816405672904715200, 0.09638577470724371500, -0.05591214498736221700 ) ) ;
#561 = CARTESIAN_POINT ( 'NONE',  ( -0.08716927660428586100, -0.09661422529275742700, 0.05551645696623364000 ) ) ;
#562 = CARTESIAN_POINT ( 'NONE',  ( -0.1234973900623803900, -0.0002284505855125460800, -0.1114286019535977900 ) ) ;
#563 = CARTESIAN_POINT ( 'NONE',  ( -0.03783594327095261100, -0.05592133793913622900, 0.09646291051668223800 ) ) ;
#564 = CARTESIAN_POINT ( 'NONE',  ( -0.1221640567290470500, -0.04842133793913441800, -0.08347252945991669200 ) ) ;
#565 = EDGE_CURVE ( 'NONE', #10, #1726, #535, .T. ) ;
#566 = CARTESIAN_POINT ( 'NONE',  ( -0.07816405672904713800, 0.08138577470724364700, -0.04725189094951799700 ) ) ;
#567 = CARTESIAN_POINT ( 'NONE',  ( -0.1151692766042857900, 0.04807866206086389800, 0.08367037347048098000 ) ) ;
#568 = CARTESIAN_POINT ( 'NONE',  ( -0.1194973900623804000, -0.09650000000000001600, 0.0001978440105632882500 ) ) ;
#569 = CARTESIAN_POINT ( 'NONE',  ( -0.1191692766042857900, -0.09661422529275742700, 0.05551645696623364000 ) ) ;
#570 = CARTESIAN_POINT ( 'NONE',  ( -0.09416405672904711000, 0.09638577470724371500, -0.05591214498736221700 ) ) ;
#571 = CARTESIAN_POINT ( 'NONE',  ( -0.03949739006238055900, -0.08150000000000001700, 0.0001978440105634513700 ) ) ;
#572 = CARTESIAN_POINT ( 'NONE',  ( -0.01516927660428599000, 0.1116142252927575100, -0.06417671100407783300 ) ) ;
#573 = CARTESIAN_POINT ( 'NONE',  ( -0.1314973900623803700, 0.0002284505855125597900, 0.1114286019535977900 ) ) ;
#574 = APPROVAL_DATE_TIME ( #1274, #458 ) ;
#575 = CARTESIAN_POINT ( 'NONE',  ( -0.1138359432709524400, 0.1113857747072424900, 0.06457239902520871300 ) ) ;
#576 = ORIENTED_EDGE ( 'NONE', *, *, #971, .T. ) ;
#577 = CARTESIAN_POINT ( 'NONE',  ( -0.07949739006238047700, 0.09650000000000001600, -0.0001978440105633000700 ) ) ;
#578 = CARTESIAN_POINT ( 'NONE',  ( -0.05549739006238053200, -0.08150000000000001700, 0.0001978440105634513700 ) ) ;
#579 = CARTESIAN_POINT ( 'NONE',  ( -0.01383594327095266300, 0.05592133793913627700, -0.09646291051668221000 ) ) ;
#580 = CARTESIAN_POINT ( 'NONE',  ( -0.01283072339571395700, 0.05557866206086570900, -0.09666075452724649800 ) ) ;
#581 = CARTESIAN_POINT ( 'NONE',  ( -0.06483072339571384300, 0.08161422529275638700, 0.04685620292839103000 ) ) ;
#582 = DIRECTION ( 'NONE',  ( -0.02637920140857320800, -1.120358308869185800E-013, 0.9996520083174174100 ) ) ;
#583 = CARTESIAN_POINT ( 'NONE',  ( -0.03683072339571390200, -0.04057866206086540400, 0.07067999241371353300 ) ) ;
#584 = CARTESIAN_POINT ( 'NONE',  ( -0.09116927660428585100, -0.05557866206086371100, -0.09666075452724765000 ) ) ;
#585 = CARTESIAN_POINT ( 'NONE',  ( -0.1151692766042858000, 0.05557866206086376600, 0.09666075452724762200 ) ) ;
#586 = CARTESIAN_POINT ( 'NONE',  ( -0.05149739006238054200, 0.0002284505855127448900, 0.09410809387790901300 ) ) ;
#587 = DIRECTION ( 'NONE',  ( -0.02637920140857323200, -1.119651246717090500E-013, 0.9996520083174175200 ) ) ;
#588 = CARTESIAN_POINT ( 'NONE',  ( -0.07416405672904716200, -0.04092133793913456400, -0.07048214840315004900 ) ) ;
#589 = CARTESIAN_POINT ( 'NONE',  ( -0.1085026099376191600, 0.0002284505855150540500, -0.1287491100292865500 ) ) ;
#590 = CARTESIAN_POINT ( 'NONE',  ( -0.02749739006238059400, -0.0002284505855123587500, -0.1287491100292865500 ) ) ;
#591 = CARTESIAN_POINT ( 'NONE',  ( -0.02083072339571393300, -0.04057866206086540400, 0.07067999241371353300 ) ) ;
#592 = CARTESIAN_POINT ( 'NONE',  ( -0.05516927660428590900, -0.08161422529275734500, 0.04685620292838939300 ) ) ;
#593 = CARTESIAN_POINT ( 'NONE',  ( -0.08583594327095252200, -0.05592133793913622900, 0.09646291051668223800 ) ) ;
#594 = EDGE_LOOP ( 'NONE', ( #708, #30, #1680, #1641 ) ) ;
#595 = DIRECTION ( 'NONE',  ( -0.02637920140857323200, -1.119651246717090500E-013, 0.9996520083174175200 ) ) ;
#596 = EDGE_CURVE ( 'NONE', #1595, #1726, #1294, .T. ) ;
#597 = CARTESIAN_POINT ( 'NONE',  ( -0.06716927660428588500, 0.05557866206086376600, 0.09666075452724762200 ) ) ;
#598 = CARTESIAN_POINT ( 'NONE',  ( -0.05949739006238051500, -0.0002284505855127334000, -0.09410809387790901300 ) ) ;
#599 = DIRECTION ( 'NONE',  ( 0.02637920140857322900, 1.119651246717090400E-013, -0.9996520083174174100 ) ) ;
#600 = CARTESIAN_POINT ( 'NONE',  ( -0.01383594327095265800, 0.04092133793913600700, -0.07048214840314920300 ) ) ;
#601 = CARTESIAN_POINT ( 'NONE',  ( -0.09383594327095250200, 0.05592133793913627700, -0.09646291051668221000 ) ) ;
#602 = DIRECTION ( 'NONE',  ( 0.9996520083174174100, 0.0000000000000000000, -0.02637920140857320100 ) ) ;
#603 = CARTESIAN_POINT ( 'NONE',  ( -0.02883072339571392300, 0.05557866206086570900, -0.09666075452724649800 ) ) ;
#604 = CARTESIAN_POINT ( 'NONE',  ( -0.01116927660428599700, -0.04057866206086400300, -0.07067999241371433800 ) ) ;
#605 = CARTESIAN_POINT ( 'NONE',  ( -0.02716927660428596100, -0.04057866206086400300, -0.07067999241371433800 ) ) ;
#606 = CARTESIAN_POINT ( 'NONE',  ( -0.05916927660428591300, -0.05557866206086371100, -0.09666075452724765000 ) ) ;
#607 = CARTESIAN_POINT ( 'NONE',  ( -0.01816405672904727500, 0.04842133793913445300, 0.08347252945991667800 ) ) ;
#608 = CARTESIAN_POINT ( 'NONE',  ( -0.03549739006238057700, 0.0002284505855123745300, 0.1287491100292865500 ) ) ;
#609 = CARTESIAN_POINT ( 'NONE',  ( -0.1261640567290470400, 0.08138577470724364700, -0.04725189094951799700 ) ) ;
#610 = CARTESIAN_POINT ( 'NONE',  ( -0.01816405672904727500, 0.04842133793913445300, 0.08347252945991667800 ) ) ;
#611 = CARTESIAN_POINT ( 'NONE',  ( -0.1194973900623804000, -0.08150000000000001700, 0.0001978440105634513700 ) ) ;
#612 = CARTESIAN_POINT ( 'NONE',  ( -0.01549739006238062000, 0.1115000000000000200, -0.0001978440105631387700 ) ) ;
#613 = CARTESIAN_POINT ( 'NONE',  ( -0.05149739006238054200, 0.0002284505855125597900, 0.1114286019535977900 ) ) ;
#614 = CARTESIAN_POINT ( 'NONE',  ( -0.09416405672904711000, 0.09638577470724371500, -0.05591214498736221700 ) ) ;
#615 = CARTESIAN_POINT ( 'NONE',  ( -0.08616405672904715900, -0.1113857747072438100, 0.06457239902520645100 ) ) ;
#616 = CARTESIAN_POINT ( 'NONE',  ( -0.1181640567290470500, -0.08138577470724363300, 0.04725189094951801100 ) ) ;
#617 = ORIENTED_EDGE ( 'NONE', *, *, #565, .F. ) ;
#618 = CARTESIAN_POINT ( 'NONE',  ( -0.05416405672904721400, -0.09638577470724370200, 0.05591214498736223800 ) ) ;
#619 = CARTESIAN_POINT ( 'NONE',  ( -0.04716927660428590900, 0.08161422529275735900, -0.04685620292838939300 ) ) ;
#620 = VERTEX_POINT ( 'NONE', #1049 ) ;
#621 = CARTESIAN_POINT ( 'NONE',  ( -0.07416405672904716200, -0.05592133793913427900, -0.09646291051668333400 ) ) ;
#622 = CARTESIAN_POINT ( 'NONE',  ( -0.1168307233957137400, -0.04807866206086553600, 0.08367037347048002200 ) ) ;
#623 = CARTESIAN_POINT ( 'NONE',  ( -0.08216405672904715500, 0.05592133793913432000, 0.09646291051668333400 ) ) ;
#624 = CARTESIAN_POINT ( 'NONE',  ( -0.004502609937619344400, -0.0002284505855146678600, 0.09410809387790901300 ) ) ;
#625 = CARTESIAN_POINT ( 'NONE',  ( -0.1165026099376191400, -0.0002284505855146678600, 0.09410809387790901300 ) ) ;
#626 = CARTESIAN_POINT ( 'NONE',  ( -0.01283072339571394800, 0.04057866206086544600, -0.07067999241371350500 ) ) ;
#627 = CARTESIAN_POINT ( 'NONE',  ( -0.05149739006238054200, 0.0002284505855123745300, 0.1287491100292865500 ) ) ;
#628 = CARTESIAN_POINT ( 'NONE',  ( -0.09816405672904710000, 0.04842133793913445300, 0.08347252945991667800 ) ) ;
#629 = CARTESIAN_POINT ( 'NONE',  ( -0.09416405672904715200, 0.1113857747072438100, -0.06457239902520645100 ) ) ;
#630 = CARTESIAN_POINT ( 'NONE',  ( -0.02716927660428596100, -0.04057866206086400300, -0.07067999241371433800 ) ) ;
#631 = CARTESIAN_POINT ( 'NONE',  ( 0.006164056729047298400, -0.09638577470724257700, -0.05591214498736418700 ) ) ;
#632 = CARTESIAN_POINT ( 'NONE',  ( -0.04183594327095260100, -0.09638577470724257700, -0.05591214498736418700 ) ) ;
#633 = CARTESIAN_POINT ( 'NONE',  ( -0.09016405672904714800, -0.05592133793913427900, -0.09646291051668333400 ) ) ;
#634 = CARTESIAN_POINT ( 'NONE',  ( -0.1208307233957137300, -0.09661422529275627600, -0.05551645696623559000 ) ) ;
#635 = CARTESIAN_POINT ( 'NONE',  ( -0.1274973900623803900, 0.1115000000000000200, -0.0001978440105631387700 ) ) ;
#636 = CARTESIAN_POINT ( 'NONE',  ( -0.1098359432709524900, 0.04092133793913600700, -0.07048214840314920300 ) ) ;
#637 = CARTESIAN_POINT ( 'NONE',  ( -0.02749739006238058700, -0.0002284505855125460800, -0.1114286019535977900 ) ) ;
#638 = CARTESIAN_POINT ( 'NONE',  ( -0.07383594327095252500, -0.08138577470724267500, -0.04725189094951964100 ) ) ;
#639 = CARTESIAN_POINT ( 'NONE',  ( -0.05516927660428589500, -0.09661422529275741400, 0.05551645696623364000 ) ) ;
#640 = PRODUCT_DEFINITION_SHAPE ( 'NONE', 'NONE',  #960 ) ;
#641 = CARTESIAN_POINT ( 'NONE',  ( -0.04083072339571389800, -0.1116142252927561800, -0.06417671100408012300 ) ) ;
#642 = DATE_AND_TIME ( #95, #7 ) ;
#643 = CARTESIAN_POINT ( 'NONE',  ( -0.1101640567290470800, 0.09638577470724372900, -0.05591214498736221000 ) ) ;
#644 = CARTESIAN_POINT ( 'NONE',  ( -0.04983594327095258000, 0.08138577470724270300, 0.04725189094951961300 ) ) ;
#645 = CARTESIAN_POINT ( 'NONE',  ( 0.004830723395713968800, -0.04807866206086386400, -0.08367037347048099400 ) ) ;
#646 = CARTESIAN_POINT ( 'NONE',  ( -0.06850260993761921000, -0.0002284505855148530700, 0.1114286019535977900 ) ) ;
#647 = CARTESIAN_POINT ( 'NONE',  ( -0.1314973900623803700, 0.0002284505855123745300, 0.1287491100292865500 ) ) ;
#648 = CARTESIAN_POINT ( 'NONE',  ( -0.1248307233957137300, 0.04807866206086557800, -0.08367037347047999500 ) ) ;
#649 = CARTESIAN_POINT ( 'NONE',  ( -0.07783594327095252900, 0.04092133793913600700, -0.07048214840314920300 ) ) ;
#650 = CARTESIAN_POINT ( 'NONE',  ( -0.06850260993761921000, -0.0002284505855146678600, 0.09410809387790901300 ) ) ;
#651 = CARTESIAN_POINT ( 'NONE',  ( -0.03783594327095261100, -0.04842133793913609000, 0.08347252945991572000 ) ) ;
#652 = ADVANCED_FACE ( 'NONE', ( #901 ), #1312, .T. ) ;
#653 = CARTESIAN_POINT ( 'NONE',  ( -0.03549739006238057000, 0.0002284505855125597900, 0.1114286019535977900 ) ) ;
#654 = CARTESIAN_POINT ( 'NONE',  ( -0.09916927660428581600, 0.04057866206086403100, 0.07067999241371432400 ) ) ;
#655 = CARTESIAN_POINT ( 'NONE',  ( -0.08983594327095249800, -0.09638577470724257700, -0.05591214498736418700 ) ) ;
#656 = CARTESIAN_POINT ( 'NONE',  ( -0.06583594327095254600, 0.09638577470724259100, 0.05591214498736416700 ) ) ;
#657 = CARTESIAN_POINT ( 'NONE',  ( -0.09683072339571378900, 0.1116142252927561800, 0.06417671100408009500 ) ) ;
#658 = AXIS2_PLACEMENT_3D ( 'NONE', #719, #1686, #162 ) ;
#659 = DIRECTION ( 'NONE',  ( 0.9996520083174170700, 0.0000000000000000000, -0.02637920140858224200 ) ) ;
#660 = CARTESIAN_POINT ( 'NONE',  ( -0.1071692766042858100, -0.04057866206086400300, -0.07067999241371433800 ) ) ;
#661 = LENGTH_MEASURE_WITH_UNIT ( LENGTH_MEASURE( 0.02539999999999999900 ), #526 );
#662 = CARTESIAN_POINT ( 'NONE',  ( -0.06583594327095256000, 0.09638577470724259100, 0.05591214498736416700 ) ) ;
#663 = CARTESIAN_POINT ( 'NONE',  ( -0.08583594327095252200, -0.04842133793913609000, 0.08347252945991572000 ) ) ;
#664 = ORIENTED_EDGE ( 'NONE', *, *, #314, .T. ) ;
#665 = CARTESIAN_POINT ( 'NONE',  ( -0.04616405672904722700, 0.09638577470724371500, -0.05591214498736221700 ) ) ;
#666 = APPLICATION_CONTEXT ( 'configuration controlled 3d designs of mechanical parts and assemblies' ) ;
#667 = CARTESIAN_POINT ( 'NONE',  ( 0.002164056729047307000, 0.04842133793913613200, -0.08347252945991569300 ) ) ;
#668 = CARTESIAN_POINT ( 'NONE',  ( -0.01949739006238060100, 0.0002284505855125597900, 0.1114286019535977900 ) ) ;
#669 = CARTESIAN_POINT ( 'NONE',  ( -0.07783594327095254300, 0.04842133793913613200, -0.08347252945991569300 ) ) ;
#670 = CARTESIAN_POINT ( 'NONE',  ( -0.1018359432709524900, -0.04842133793913609000, 0.08347252945991572000 ) ) ;
#671 = CARTESIAN_POINT ( 'NONE',  ( -0.09949739006238046700, 0.0002284505855123745300, 0.1287491100292865500 ) ) ;
#672 = CARTESIAN_POINT ( 'NONE',  ( -0.05516927660428590200, -0.09661422529275742700, 0.05551645696623364000 ) ) ;
#673 = CARTESIAN_POINT ( 'NONE',  ( -0.04083072339571389800, -0.09661422529275628900, -0.05551645696623559000 ) ) ;
#674 = CARTESIAN_POINT ( 'NONE',  ( -0.09250260993761919000, 0.0002284505855148666800, -0.1114286019535977900 ) ) ;
#675 = CARTESIAN_POINT ( 'NONE',  ( -0.1045026099376191500, -0.09650000000000001600, -0.0001978440105653098000 ) ) ;
#676 = CARTESIAN_POINT ( 'NONE',  ( -0.1008307233957137800, -0.04807866206086553600, 0.08367037347048002200 ) ) ;
#677 = CARTESIAN_POINT ( 'NONE',  ( -0.04983594327095258700, 0.09638577470724259100, 0.05591214498736416700 ) ) ;
#678 = CARTESIAN_POINT ( 'NONE',  ( -0.01549739006238061400, 0.09650000000000001600, -0.0001978440105633000700 ) ) ;
#679 = CARTESIAN_POINT ( 'NONE',  ( -0.06983594327095253600, -0.04842133793913609000, 0.08347252945991572000 ) ) ;
#680 = CARTESIAN_POINT ( 'NONE',  ( -0.04616405672904722700, 0.09638577470724371500, -0.05591214498736221700 ) ) ;
#681 = CARTESIAN_POINT ( 'NONE',  ( -0.1154973900623804000, 0.0002284505855125597900, 0.1114286019535977900 ) ) ;
#682 = CC_DESIGN_SECURITY_CLASSIFICATION ( #798, ( #427 ) ) ;
#683 = CARTESIAN_POINT ( 'NONE',  ( -0.07383594327095252500, -0.09638577470724257700, -0.05591214498736418700 ) ) ;
#684 = CARTESIAN_POINT ( 'NONE',  ( -0.1288307233957137200, 0.1116142252927561800, 0.06417671100408009500 ) ) ;
#685 = CARTESIAN_POINT ( 'NONE',  ( -0.01383594327095266300, 0.05592133793913627700, -0.09646291051668221000 ) ) ;
#686 = CARTESIAN_POINT ( 'NONE',  ( -0.08616405672904713100, -0.09638577470724370200, 0.05591214498736223800 ) ) ;
#687 = CARTESIAN_POINT ( 'NONE',  ( -0.05149739006238054200, 0.0002284505855125597900, 0.1114286019535977900 ) ) ;
#688 = UNCERTAINTY_MEASURE_WITH_UNIT (LENGTH_MEASURE( 1.000000000000000100E-005 ), #539, 'distance_accuracy_value', 'NONE');
#689 = CARTESIAN_POINT ( 'NONE',  ( -0.07783594327095254300, 0.04842133793913613200, -0.08347252945991569300 ) ) ;
#690 = CARTESIAN_POINT ( 'NONE',  ( -0.1248307233957137300, 0.04807866206086557800, -0.08367037347047999500 ) ) ;
#691 = CARTESIAN_POINT ( 'NONE',  ( -0.005835943270952679300, -0.05592133793913622900, 0.09646291051668223800 ) ) ;
#692 = CARTESIAN_POINT ( 'NONE',  ( -0.06216405672904718600, 0.09638577470724371500, -0.05591214498736221700 ) ) ;
#693 = CARTESIAN_POINT ( 'NONE',  ( -0.1061640567290470900, -0.04842133793913441800, -0.08347252945991669200 ) ) ;
#694 = CARTESIAN_POINT ( 'NONE',  ( -0.0005026099376193559600, 0.1115000000000000200, 0.0001978440105654593400 ) ) ;
#695 = DIRECTION ( 'NONE',  ( -0.02637920140857320100, 1.087899301893679800E-014, -0.9996520083174174100 ) ) ;
#696 = CARTESIAN_POINT ( 'NONE',  ( -0.02050260993761931700, -0.0002284505855150382800, 0.1287491100292865500 ) ) ;
#697 = CARTESIAN_POINT ( 'NONE',  ( -0.06749739006238050800, 0.0002284505855125597900, 0.1114286019535977900 ) ) ;
#698 = CARTESIAN_POINT ( 'NONE',  ( -0.08483072339571379200, -0.04807866206086553600, 0.08367037347048002200 ) ) ;
#699 = PRODUCT ( '9271K863_Torsion Spring', '9271K863_Torsion Spring', '', ( #1498 ) ) ;
#700 = CARTESIAN_POINT ( 'NONE',  ( -0.1178359432709524500, -0.04842133793913609000, 0.08347252945991572000 ) ) ;
#701 = CARTESIAN_POINT ( 'NONE',  ( -0.07283072339571383700, -0.09661422529275628900, -0.05551645696623559000 ) ) ;
#702 = CARTESIAN_POINT ( 'NONE',  ( -0.07816405672904715200, 0.09638577470724371500, -0.05591214498736221700 ) ) ;
#703 = CARTESIAN_POINT ( 'NONE',  ( -0.03116927660428596100, 0.1116142252927575100, -0.06417671100407783300 ) ) ;
#704 = CARTESIAN_POINT ( 'NONE',  ( -0.1301640567290470500, 0.04842133793913445300, 0.08347252945991667800 ) ) ;
#705 = FACE_OUTER_BOUND ( 'NONE', #250, .T. ) ;
#706 = CARTESIAN_POINT ( 'NONE',  ( -0.09416405672904713800, 0.08138577470724364700, -0.04725189094951799700 ) ) ;
#707 = CC_DESIGN_PERSON_AND_ORGANIZATION_ASSIGNMENT ( #202, #1765, ( #960 ) ) ;
#708 = ORIENTED_EDGE ( 'NONE', *, *, #1754, .F. ) ;
#709 = CARTESIAN_POINT ( 'NONE',  ( 0.0008307233957139738600, 0.1116142252927575100, -0.06417671100407783300 ) ) ;
#710 = CARTESIAN_POINT ( 'NONE',  ( -0.1181640567290470900, -0.09638577470724370200, 0.05591214498736223800 ) ) ;
#711 = CARTESIAN_POINT ( 'NONE',  ( -0.009835943270952673300, -0.1113857747072424700, -0.06457239902520872700 ) ) ;
#712 = CARTESIAN_POINT ( 'NONE',  ( -0.1114973900623804200, 0.09650000000000001600, -0.0001978440105633000700 ) ) ;
#713 = CARTESIAN_POINT ( 'NONE',  ( -0.1008307233957137800, -0.04057866206086540400, 0.07067999241371353300 ) ) ;
#714 = CARTESIAN_POINT ( 'NONE',  ( -0.02850260993761929600, 0.0002284505855150540500, -0.1287491100292865500 ) ) ;
#715 = CARTESIAN_POINT ( 'NONE',  ( -0.07650260993761921800, 0.0002284505855150540500, -0.1287491100292865500 ) ) ;
#716 = CARTESIAN_POINT ( 'NONE',  ( -0.08749739006238048400, -0.08150000000000001700, 0.0001978440105634513700 ) ) ;
#717 = CARTESIAN_POINT ( 'NONE',  ( -0.05149739006238054200, 0.0002284505855127448900, 0.09410809387790901300 ) ) ;
#718 = CARTESIAN_POINT ( 'NONE',  ( -0.03116927660428596100, 0.1116142252927575100, -0.06417671100407783300 ) ) ;
#719 = CARTESIAN_POINT ( 'NONE',  ( 0.01978440105642990600, -0.09650000000000817600, 0.7497390062380621100 ) ) ;
#720 = CARTESIAN_POINT ( 'NONE',  ( -0.1018359432709524900, -0.05592133793913622900, 0.09646291051668223800 ) ) ;
#721 = CARTESIAN_POINT ( 'NONE',  ( -0.02749739006238058700, -0.0002284505855127334000, -0.09410809387790901300 ) ) ;
#722 = CARTESIAN_POINT ( 'NONE',  ( -0.06616405672904718300, 0.04092133793913459200, 0.07048214840315002200 ) ) ;
#723 = CARTESIAN_POINT ( 'NONE',  ( -0.03783594327095261100, -0.05592133793913622900, 0.09646291051668223800 ) ) ;
#724 = CARTESIAN_POINT ( 'NONE',  ( -0.01549739006238062000, 0.1115000000000000200, -0.0001978440105631387700 ) ) ;
#725 = LOCAL_TIME ( 10, 58, 55.00000000000000000, #1095 ) ;
#726 = CARTESIAN_POINT ( 'NONE',  ( -0.05549739006238053200, -0.08150000000000001700, 0.0001978440105634513700 ) ) ;
#727 = CARTESIAN_POINT ( 'NONE',  ( -0.04616405672904720000, 0.08138577470724364700, -0.04725189094951799700 ) ) ;
#728 = CARTESIAN_POINT ( 'NONE',  ( -0.1125026099376191400, 0.1115000000000000200, 0.0001978440105654593400 ) ) ;
#729 = CARTESIAN_POINT ( 'NONE',  ( -0.07916927660428588200, 0.1116142252927575100, -0.06417671100407783300 ) ) ;
#730 = CARTESIAN_POINT ( 'NONE',  ( -0.07416405672904716200, -0.04092133793913456400, -0.07048214840315004900 ) ) ;
#731 = CARTESIAN_POINT ( 'NONE',  ( 0.01228701099404927600, -0.09650000000000817600, 0.7499368502486265500 ) ) ;
#732 = CARTESIAN_POINT ( 'NONE',  ( -0.05250260993761925900, -0.0002284505855146678600, 0.09410809387790901300 ) ) ;
#733 = CARTESIAN_POINT ( 'NONE',  ( -0.04450260993761927900, 0.0002284505855150540500, -0.1287491100292865500 ) ) ;
#734 = CARTESIAN_POINT ( 'NONE',  ( 0.007497390062380628900, -0.09650000000000001600, -0.0001978440105653491600 ) ) ;
#735 = CARTESIAN_POINT ( 'NONE',  ( -0.07783594327095252900, 0.05592133793913627700, -0.09646291051668221000 ) ) ;
#736 = CARTESIAN_POINT ( 'NONE',  ( -0.08216405672904714100, 0.04092133793913459200, 0.07048214840315002200 ) ) ;
#737 = CARTESIAN_POINT ( 'NONE',  ( -0.1261640567290470400, 0.08138577470724364700, -0.04725189094951799700 ) ) ;
#738 = CARTESIAN_POINT ( 'NONE',  ( -0.1191692766042857800, -0.1116142252927575100, 0.06417671100407787400 ) ) ;
#739 = CARTESIAN_POINT ( 'NONE',  ( -0.03416405672904724400, 0.04842133793913445300, 0.08347252945991667800 ) ) ;
#740 = CARTESIAN_POINT ( 'NONE',  ( -0.07549739006238048700, -0.0002284505855123587500, -0.1287491100292865500 ) ) ;
#741 = CARTESIAN_POINT ( 'NONE',  ( -0.1088307233957137600, 0.04057866206086544600, -0.07067999241371350500 ) ) ;
#742 = CARTESIAN_POINT ( 'NONE',  ( -0.02850260993761929600, 0.0002284505855146793500, -0.09410809387790901300 ) ) ;
#743 = DATE_AND_TIME ( #1116, #1488 ) ;
#744 = CARTESIAN_POINT ( 'NONE',  ( -0.03516927660428595400, 0.05557866206086376600, 0.09666075452724762200 ) ) ;
#745 = ORIENTED_EDGE ( 'NONE', *, *, #1778, .F. ) ;
#746 = CARTESIAN_POINT ( 'NONE',  ( -0.02483072339571392600, -0.09661422529275627600, -0.05551645696623559000 ) ) ;
#747 = CARTESIAN_POINT ( 'NONE',  ( -0.05816405672904718900, -0.05592133793913427900, -0.09646291051668333400 ) ) ;
#748 = CARTESIAN_POINT ( 'NONE',  ( -0.01783594327095264600, 0.08138577470724270300, 0.04725189094951961300 ) ) ;
#749 = CARTESIAN_POINT ( 'NONE',  ( -0.05016405672904721700, 0.04842133793913445300, 0.08347252945991667800 ) ) ;
#750 = CARTESIAN_POINT ( 'NONE',  ( -0.04183594327095260100, -0.08138577470724267500, -0.04725189094951964100 ) ) ;
#751 = CARTESIAN_POINT ( 'NONE',  ( -0.05283072339571386700, -0.05557866206086566100, 0.09666075452724652600 ) ) ;
#752 = CARTESIAN_POINT ( 'NONE',  ( -0.008830723395713960300, -0.09661422529275627600, -0.05551645696623559000 ) ) ;
#753 = CARTESIAN_POINT ( 'NONE',  ( -0.03683072339571390900, -0.05557866206086566100, 0.09666075452724652600 ) ) ;
#754 = CARTESIAN_POINT ( 'NONE',  ( -0.01250260993761932900, 0.0002284505855146793500, -0.09410809387790901300 ) ) ;
#755 = CARTESIAN_POINT ( 'NONE',  ( -0.05549739006238053900, -0.09650000000000001600, 0.0001978440105632882500 ) ) ;
#756 = CARTESIAN_POINT ( 'NONE',  ( -0.03250260993761929000, 0.08150000000000001700, 0.0001978440105651366800 ) ) ;
#757 = ADVANCED_FACE ( 'NONE', ( #1534 ), #284, .T. ) ;
#758 = CARTESIAN_POINT ( 'NONE',  ( -0.07683072339571381200, 0.05557866206086570900, -0.09666075452724649800 ) ) ;
#759 = CARTESIAN_POINT ( 'NONE',  ( -0.1154973900623804000, 0.0002284505855125597900, 0.1114286019535977900 ) ) ;
#760 = CARTESIAN_POINT ( 'NONE',  ( -0.08083072339571381600, 0.1116142252927561800, 0.06417671100408009500 ) ) ;
#761 = CARTESIAN_POINT ( 'NONE',  ( -0.02983594327095262900, 0.04092133793913600700, -0.07048214840314920300 ) ) ;
#762 = CARTESIAN_POINT ( 'NONE',  ( -0.04216405672904722400, -0.04842133793913441800, -0.08347252945991669200 ) ) ;
#763 = CARTESIAN_POINT ( 'NONE',  ( -0.01516927660428599000, 0.09661422529275742700, -0.05551645696623362000 ) ) ;
#764 = CARTESIAN_POINT ( 'NONE',  ( -0.06983594327095253600, -0.04842133793913609000, 0.08347252945991572000 ) ) ;
#765 = CARTESIAN_POINT ( 'NONE',  ( -0.01416405672904728400, 0.1113857747072438100, -0.06457239902520645100 ) ) ;
#766 = CARTESIAN_POINT ( 'NONE',  ( -0.07549739006238050100, -0.0002284505855125461000, -0.1114286019535977900 ) ) ;
#767 = CARTESIAN_POINT ( 'NONE',  ( -0.1061640567290471200, -0.05592133793913427900, -0.09646291051668333400 ) ) ;
#768 = CARTESIAN_POINT ( 'NONE',  ( -0.03650260993761927900, -0.0002284505855146678600, 0.09410809387790901300 ) ) ;
#769 = EDGE_LOOP ( 'NONE', ( #745, #158, #51, #664 ) ) ;
#770 = CARTESIAN_POINT ( 'NONE',  ( -0.06616405672904718300, 0.04842133793913445300, 0.08347252945991667800 ) ) ;
#771 = CARTESIAN_POINT ( 'NONE',  ( -0.004502609937619346200, -0.0002284505855148530400, 0.1114286019535977900 ) ) ;
#772 = CARTESIAN_POINT ( 'NONE',  ( -0.0005026099376193537900, 0.09650000000000001600, 0.0001978440105652979800 ) ) ;
#773 = CARTESIAN_POINT ( 'NONE',  ( -0.06883072339571384700, -0.05557866206086566100, 0.09666075452724652600 ) ) ;
#774 = CARTESIAN_POINT ( 'NONE',  ( -0.07683072339571382600, 0.04807866206086557800, -0.08367037347047999500 ) ) ;
#775 = CARTESIAN_POINT ( 'NONE',  ( -0.04216405672904722400, -0.04842133793913441800, -0.08347252945991669200 ) ) ;
#776 = CARTESIAN_POINT ( 'NONE',  ( -0.1151692766042858000, 0.04057866206086403100, 0.07067999241371432400 ) ) ;
#777 = CARTESIAN_POINT ( 'NONE',  ( -0.1397844010564299200, 0.09649999999991605600, 0.7497390062380739900 ) ) ;
#778 = CARTESIAN_POINT ( 'NONE',  ( -0.08450260993761918300, -0.0002284505855146678600, 0.09410809387790901300 ) ) ;
#779 = CARTESIAN_POINT ( 'NONE',  ( -0.02716927660428596800, -0.04807866206086386400, -0.08367037347048099400 ) ) ;
#780 = CARTESIAN_POINT ( 'NONE',  ( -0.04749739006238055900, 0.1115000000000000200, -0.0001978440105631387700 ) ) ;
#781 = CARTESIAN_POINT ( 'NONE',  ( -0.08749739006238047000, -0.09650000000000001600, 0.0001978440105632882500 ) ) ;
#782 = CARTESIAN_POINT ( 'NONE',  ( -0.08050260993761919300, 0.08150000000000001700, 0.0001978440105651366800 ) ) ;
#783 = CARTESIAN_POINT ( 'NONE',  ( -0.06316927660428588200, 0.08161422529275735900, -0.04685620292838939300 ) ) ;
#784 = CARTESIAN_POINT ( 'NONE',  ( -0.005835943270952677500, -0.04842133793913609000, 0.08347252945991572000 ) ) ;
#785 = CARTESIAN_POINT ( 'NONE',  ( -0.1234973900623804000, -0.0002284505855123587500, -0.1287491100292865500 ) ) ;
#786 = CARTESIAN_POINT ( 'NONE',  ( -0.1274973900623806200, 0.09650000000000003000, -0.0001978440105535232200 ) ) ;
#787 = CARTESIAN_POINT ( 'NONE',  ( -0.08450260993761918300, -0.0002284505855146678600, 0.09410809387790901300 ) ) ;
#788 = ADVANCED_FACE ( 'NONE', ( #515 ), #1639, .T. ) ;
#789 = CARTESIAN_POINT ( 'NONE',  ( -0.08183594327095254600, 0.08138577470724270300, 0.04725189094951961300 ) ) ;
#790 = CARTESIAN_POINT ( 'NONE',  ( -0.02450260993761930700, -0.09650000000000001600, -0.0001978440105653098000 ) ) ;
#791 = CARTESIAN_POINT ( 'NONE',  ( -0.04349739006238056300, -0.0002284505855125460800, -0.1114286019535977900 ) ) ;
#792 = LOCAL_TIME ( 10, 58, 55.00000000000000000, #1618 ) ;
#793 = CARTESIAN_POINT ( 'NONE',  ( -0.1018359432709524900, -0.04092133793913597200, 0.07048214840314923100 ) ) ;
#794 = CARTESIAN_POINT ( 'NONE',  ( -0.02450260993761930700, -0.09650000000000001600, -0.0001978440105653098000 ) ) ;
#795 = CARTESIAN_POINT ( 'NONE',  ( -0.08850260993761918700, -0.09650000000000001600, -0.0001978440105653098000 ) ) ;
#796 = CARTESIAN_POINT ( 'NONE',  ( -0.1021640567290471200, -0.1113857747072438100, 0.06457239902520645100 ) ) ;
#797 = DIRECTION ( 'NONE',  ( 0.02637920140857320400, -1.087899301893680000E-014, 0.9996520083174175200 ) ) ;
#798 = SECURITY_CLASSIFICATION ( '', '', #390 ) ;
#799 = CARTESIAN_POINT ( 'NONE',  ( -0.08583594327095250800, -0.04092133793913597200, 0.07048214840314923100 ) ) ;
#800 = CARTESIAN_POINT ( 'NONE',  ( -0.05783594327095257400, -0.09638577470724257700, -0.05591214498736418700 ) ) ;
#801 = CARTESIAN_POINT ( 'NONE',  ( -0.03816405672904723400, -0.09638577470724370200, 0.05591214498736223800 ) ) ;
#802 = CARTESIAN_POINT ( 'NONE',  ( -0.02349739006238059400, -0.09650000000000001600, 0.0001978440105632882500 ) ) ;
#803 = CARTESIAN_POINT ( 'NONE',  ( -0.03250260993761929600, 0.09650000000000001600, 0.0001978440105652979800 ) ) ;
#804 = CARTESIAN_POINT ( 'NONE',  ( -0.03416405672904724400, 0.04842133793913445300, 0.08347252945991667800 ) ) ;
#805 = CARTESIAN_POINT ( 'NONE',  ( -0.04583594327095259800, 0.04842133793913613200, -0.08347252945991569300 ) ) ;
#806 = CARTESIAN_POINT ( 'NONE',  ( -0.04883072339571388500, 0.09661422529275630300, 0.05551645696623556300 ) ) ;
#807 = CARTESIAN_POINT ( 'NONE',  ( -0.01549739006238061400, 0.09650000000000001600, -0.0001978440105633000700 ) ) ;
#808 = CARTESIAN_POINT ( 'NONE',  ( -0.01116927660428600000, -0.04807866206086386400, -0.08367037347048099400 ) ) ;
#809 = CARTESIAN_POINT ( 'NONE',  ( -0.01149739006238062300, -0.0002284505855125460800, -0.1114286019535977900 ) ) ;
#810 = CARTESIAN_POINT ( 'NONE',  ( -0.08316927660428585800, 0.04807866206086389800, 0.08367037347048098000 ) ) ;
#811 = CIRCLE ( 'NONE', #1198, 0.007499999999999993700 ) ;
#812 = CARTESIAN_POINT ( 'NONE',  ( -0.1168307233957137400, -0.04807866206086553600, 0.08367037347048002200 ) ) ;
#813 = APPROVAL_ROLE ( '' ) ;
#814 = CARTESIAN_POINT ( 'NONE',  ( -0.005835943270952677500, -0.04842133793913609000, 0.08347252945991572000 ) ) ;
#815 = CARTESIAN_POINT ( 'NONE',  ( -0.04616405672904722700, 0.09638577470724371500, -0.05591214498736221700 ) ) ;
#816 = CARTESIAN_POINT ( 'NONE',  ( -0.05250260993761924500, -0.0002284505855148530400, 0.1114286019535977900 ) ) ;
#817 = CARTESIAN_POINT ( 'NONE',  ( -0.007497390062380629800, -0.09650000000000001600, 0.0001978440105632882500 ) ) ;
#818 = EDGE_CURVE ( 'NONE', #290, #620, #1402, .T. ) ;
#819 = CARTESIAN_POINT ( 'NONE',  ( -0.07149739006238049800, -0.09650000000000001600, 0.0001978440105632882500 ) ) ;
#820 = CARTESIAN_POINT ( 'NONE',  ( -0.01650260993761932400, 0.09650000000000001600, 0.0001978440105652979800 ) ) ;
#821 = CARTESIAN_POINT ( 'NONE',  ( -0.03016405672904724400, 0.09638577470724371500, -0.05591214498736221700 ) ) ;
#822 = CARTESIAN_POINT ( 'NONE',  ( -0.02450260993761930700, -0.1115000000000000200, -0.0001978440105654729500 ) ) ;
#823 = CARTESIAN_POINT ( 'NONE',  ( -0.09949739006238043900, 0.0002284505855125597900, 0.1114286019535977900 ) ) ;
#824 = CARTESIAN_POINT ( 'NONE',  ( -0.06483072339571384300, 0.09661422529275630300, 0.05551645696623556300 ) ) ;
#825 = CARTESIAN_POINT ( 'NONE',  ( -0.01383594327095266100, 0.04842133793913613200, -0.08347252945991569300 ) ) ;
#826 = CARTESIAN_POINT ( 'NONE',  ( -0.1114973900623804200, 0.09650000000000001600, -0.0001978440105633000700 ) ) ;
#827 = CARTESIAN_POINT ( 'NONE',  ( -0.05516927660428590900, -0.1116142252927575100, 0.06417671100407787400 ) ) ;
#828 = CARTESIAN_POINT ( 'NONE',  ( -0.08883072339571379500, -0.09661422529275628900, -0.05551645696623559000 ) ) ;
#829 = CARTESIAN_POINT ( 'NONE',  ( -0.02349739006238059000, -0.08150000000000001700, 0.0001978440105634513700 ) ) ;
#830 = CARTESIAN_POINT ( 'NONE',  ( -0.09149739006238044600, -0.0002284505855125460800, -0.1114286019535977900 ) ) ;
#831 = AXIS2_PLACEMENT_3D ( 'NONE', #172, #1153, #602 ) ;
#832 = CARTESIAN_POINT ( 'NONE',  ( -0.08183594327095253300, 0.09638577470724259100, 0.05591214498736416700 ) ) ;
#833 = CARTESIAN_POINT ( 'NONE',  ( -0.08749739006238047000, -0.09650000000000001600, 0.0001978440105632882500 ) ) ;
#834 = PERSON_AND_ORGANIZATION ( #864, #1292 ) ;
#835 = CARTESIAN_POINT ( 'NONE',  ( -0.01916927660428598800, 0.05557866206086376600, 0.09666075452724762200 ) ) ;
#836 = CARTESIAN_POINT ( 'NONE',  ( -0.07149739006238049800, -0.09650000000000001600, 0.0001978440105632882500 ) ) ;
#837 = CARTESIAN_POINT ( 'NONE',  ( -0.08616405672904713100, -0.09638577470724370200, 0.05591214498736223800 ) ) ;
#838 = CARTESIAN_POINT ( 'NONE',  ( -0.08450260993761918300, -0.0002284505855148530400, 0.1114286019535977900 ) ) ;
#839 = CARTESIAN_POINT ( 'NONE',  ( 0.01978440105642990600, -0.09650000000000817600, 0.7497390062380621100 ) ) ;
#840 = CARTESIAN_POINT ( 'NONE',  ( -0.08083072339571381600, 0.09661422529275630300, 0.05551645696623556300 ) ) ;
#841 = CARTESIAN_POINT ( 'NONE',  ( -0.01250260993761933200, 0.0002284505855150540500, -0.1287491100292865500 ) ) ;
#842 = CARTESIAN_POINT ( 'NONE',  ( -0.1314973900623803700, 0.0002284505855125597900, 0.1114286019535977900 ) ) ;
#843 = AXIS2_PLACEMENT_3D ( 'NONE', #990, #853, #156 ) ;
#844 = CARTESIAN_POINT ( 'NONE',  ( -0.1181640567290470500, -0.08138577470724363300, 0.04725189094951801100 ) ) ;
#845 = CARTESIAN_POINT ( 'NONE',  ( -0.01250260993761933200, 0.0002284505855150540500, -0.1287491100292865500 ) ) ;
#846 = CARTESIAN_POINT ( 'NONE',  ( -0.09949739006238043900, 0.0002284505855125597900, 0.1114286019535977900 ) ) ;
#847 = CARTESIAN_POINT ( 'NONE',  ( -0.08349739006238046700, 0.0002284505855125597900, 0.1114286019535977900 ) ) ;
#848 = CARTESIAN_POINT ( 'NONE',  ( -0.04316927660428593300, -0.05557866206086371100, -0.09666075452724765000 ) ) ;
#849 = CARTESIAN_POINT ( 'NONE',  ( -0.09683072339571378900, 0.09661422529275630300, 0.05551645696623556300 ) ) ;
#850 = CARTESIAN_POINT ( 'NONE',  ( -0.02483072339571391900, -0.08161422529275637300, -0.04685620292839103700 ) ) ;
#851 = CARTESIAN_POINT ( 'NONE',  ( -0.1048307233957137500, -0.08161422529275637300, -0.04685620292839103700 ) ) ;
#852 = CARTESIAN_POINT ( 'NONE',  ( -0.1085026099376191500, 0.0002284505855148666800, -0.1114286019535977900 ) ) ;
#853 = DIRECTION ( 'NONE',  ( -0.02637920140857320800, -1.120358308869185800E-013, 0.9996520083174174100 ) ) ;
#854 = CARTESIAN_POINT ( 'NONE',  ( -0.1191692766042857800, -0.1116142252927575100, 0.06417671100407787400 ) ) ;
#855 = CARTESIAN_POINT ( 'NONE',  ( -0.09283072339571378500, 0.04057866206086544600, -0.07067999241371350500 ) ) ;
#856 = CARTESIAN_POINT ( 'NONE',  ( -0.02083072339571393300, -0.04057866206086540400, 0.07067999241371353300 ) ) ;
#857 = CARTESIAN_POINT ( 'NONE',  ( -0.06216405672904718600, 0.08138577470724364700, -0.04725189094951799700 ) ) ;
#858 = CARTESIAN_POINT ( 'NONE',  ( -0.03383594327095262900, 0.1113857747072424900, 0.06457239902520871300 ) ) ;
#859 = CARTESIAN_POINT ( 'NONE',  ( -0.1165026099376191400, -0.0002284505855150382800, 0.1287491100292865500 ) ) ;
#860 = CARTESIAN_POINT ( 'NONE',  ( -0.1288307233957137200, 0.09661422529275630300, 0.05551645696623556300 ) ) ;
#861 = CARTESIAN_POINT ( 'NONE',  ( -0.05816405672904718900, -0.04092133793913456400, -0.07048214840315004900 ) ) ;
#862 = CARTESIAN_POINT ( 'NONE',  ( -0.1397844010564299200, 0.09649999999991605600, 0.7497390062380739900 ) ) ;
#863 = CARTESIAN_POINT ( 'NONE',  ( -0.04083072339571389200, -0.08161422529275637300, -0.04685620292839103700 ) ) ;
#864 = PERSON ( 'UNSPECIFIED', 'UNSPECIFIED', 'UNSPECIFIED', ('UNSPECIFIED'), ('UNSPECIFIED'), ('UNSPECIFIED') ) ;
#865 = CARTESIAN_POINT ( 'NONE',  ( -0.07116927660428590300, -0.1116142252927575100, 0.06417671100407787400 ) ) ;
#866 = CARTESIAN_POINT ( 'NONE',  ( -0.09383594327095250200, 0.05592133793913627700, -0.09646291051668221000 ) ) ;
#867 = CARTESIAN_POINT ( 'NONE',  ( -0.06216405672904718600, 0.08138577470724364700, -0.04725189094951799700 ) ) ;
#868 = CARTESIAN_POINT ( 'NONE',  ( -0.05949739006238051500, -0.0002284505855127334000, -0.09410809387790901300 ) ) ;
#869 = CARTESIAN_POINT ( 'NONE',  ( -0.1151692766042858000, 0.05557866206086376600, 0.09666075452724762200 ) ) ;
#870 = CARTESIAN_POINT ( 'NONE',  ( -0.1397844010564299200, 0.09649999999991605600, 0.7497390062380739900 ) ) ;
#871 = CARTESIAN_POINT ( 'NONE',  ( -0.1111692766042858000, 0.1116142252927575100, -0.06417671100407783300 ) ) ;
#872 = CARTESIAN_POINT ( 'NONE',  ( -0.07816405672904713800, 0.08138577470724364700, -0.04725189094951799700 ) ) ;
#873 = CARTESIAN_POINT ( 'NONE',  ( -0.1354973900623803500, -0.08150000000000001700, 0.0001978440105634513700 ) ) ;
#874 = CARTESIAN_POINT ( 'NONE',  ( -0.04983594327095258000, 0.1113857747072424900, 0.06457239902520871300 ) ) ;
#875 = CARTESIAN_POINT ( 'NONE',  ( -0.01549739006238061400, 0.09650000000000001600, -0.0001978440105633000700 ) ) ;
#876 = CARTESIAN_POINT ( 'NONE',  ( -0.1058359432709524600, -0.1113857747072424700, -0.06457239902520872700 ) ) ;
#877 = CALENDAR_DATE ( 2023, 3, 2 ) ;
#878 = CARTESIAN_POINT ( 'NONE',  ( -0.06349739006238050400, 0.08150000000000001700, -0.0001978440105634613700 ) ) ;
#879 = LINE ( 'NONE', #731, #204 ) ;
#880 = CARTESIAN_POINT ( 'NONE',  ( -0.1248307233957137400, 0.04057866206086544600, -0.07067999241371350500 ) ) ;
#881 = CARTESIAN_POINT ( 'NONE',  ( -0.1045026099376191500, -0.1115000000000000200, -0.0001978440105654729500 ) ) ;
#882 = CARTESIAN_POINT ( 'NONE',  ( -0.04083072339571389800, -0.09661422529275627600, -0.05551645696623559000 ) ) ;
#883 = CARTESIAN_POINT ( 'NONE',  ( -0.07416405672904716200, -0.05592133793913427900, -0.09646291051668333400 ) ) ;
#884 = CARTESIAN_POINT ( 'NONE',  ( 0.004830723395713971400, -0.04057866206086400300, -0.07067999241371433800 ) ) ;
#885 = CARTESIAN_POINT ( 'NONE',  ( -0.008502609937619334100, -0.08150000000000001700, -0.0001978440105651466300 ) ) ;
#886 = CARTESIAN_POINT ( 'NONE',  ( -0.07250260993761922800, -0.1115000000000000200, -0.0001978440105654729500 ) ) ;
#887 = CARTESIAN_POINT ( 'NONE',  ( -0.04216405672904722400, -0.04842133793913441800, -0.08347252945991669200 ) ) ;
#888 = CARTESIAN_POINT ( 'NONE',  ( -0.03283072339571391900, 0.1116142252927561800, 0.06417671100408009500 ) ) ;
#889 = CARTESIAN_POINT ( 'NONE',  ( -0.1221640567290470700, -0.04092133793913456400, -0.07048214840315004900 ) ) ;
#890 = CARTESIAN_POINT ( 'NONE',  ( -0.01549739006238061400, 0.09650000000000001600, -0.0001978440105633000700 ) ) ;
#891 = CARTESIAN_POINT ( 'NONE',  ( -0.04450260993761927200, 0.0002284505855146793500, -0.09410809387790901300 ) ) ;
#892 = CARTESIAN_POINT ( 'NONE',  ( -0.05549739006238053900, -0.1115000000000000200, 0.0001978440105631251300 ) ) ;
#893 = CARTESIAN_POINT ( 'NONE',  ( -0.04616405672904721300, 0.09638577470724372900, -0.05591214498736221000 ) ) ;
#894 = CARTESIAN_POINT ( 'NONE',  ( -0.09683072339571378900, 0.09661422529275630300, 0.05551645696623556300 ) ) ;
#895 = CARTESIAN_POINT ( 'NONE',  ( -0.1021640567290471200, -0.1113857747072438100, 0.06457239902520645100 ) ) ;
#896 = CARTESIAN_POINT ( 'NONE',  ( -0.1168307233957137500, -0.04057866206086540400, 0.07067999241371353300 ) ) ;
#897 = CARTESIAN_POINT ( 'NONE',  ( -0.007497390062380629800, -0.09650000000000001600, 0.0001978440105632882500 ) ) ;
#898 = CARTESIAN_POINT ( 'NONE',  ( -0.01516927660428599000, 0.08161422529275735900, -0.04685620292838939300 ) ) ;
#899 = DESIGN_CONTEXT ( 'detailed design', #666, 'design' ) ;
#900 = CARTESIAN_POINT ( 'NONE',  ( -0.03416405672904724400, 0.05592133793913432000, 0.09646291051668333400 ) ) ;
#901 = FACE_OUTER_BOUND ( 'NONE', #1118, .T. ) ;
#902 = CARTESIAN_POINT ( 'NONE',  ( -0.1322870109940493000, 0.09649999999991605600, 0.7499368502486384300 ) ) ;
#903 = CARTESIAN_POINT ( 'NONE',  ( -0.1088307233957137400, 0.04807866206086557800, -0.08367037347047999500 ) ) ;
#904 = CARTESIAN_POINT ( 'NONE',  ( -0.06216405672904718600, 0.1113857747072438100, -0.06457239902520645100 ) ) ;
#905 = CARTESIAN_POINT ( 'NONE',  ( -0.1274973900623803900, 0.08150000000000001700, -0.0001978440105634613700 ) ) ;
#906 = CARTESIAN_POINT ( 'NONE',  ( -0.05949739006238052900, -0.0002284505855125460800, -0.1114286019535977900 ) ) ;
#907 = CARTESIAN_POINT ( 'NONE',  ( -0.1045026099376191500, -0.08150000000000001700, -0.0001978440105651466300 ) ) ;
#908 = CARTESIAN_POINT ( 'NONE',  ( 0.003497390062380637900, 0.0002284505855148667000, -0.1114286019535977900 ) ) ;
#909 = CARTESIAN_POINT ( 'NONE',  ( -0.02749739006238059400, -0.0002284505855123587500, -0.1287491100292865500 ) ) ;
#910 = CARTESIAN_POINT ( 'NONE',  ( -0.05549739006238053900, -0.09650000000000001600, 0.0001978440105632882500 ) ) ;
#911 = CARTESIAN_POINT ( 'NONE',  ( -0.03549739006238057000, 0.0002284505855125597900, 0.1114286019535977900 ) ) ;
#912 = CARTESIAN_POINT ( 'NONE',  ( -0.1248307233957137400, 0.04057866206086544600, -0.07067999241371350500 ) ) ;
#913 = CARTESIAN_POINT ( 'NONE',  ( -0.06883072339571384700, -0.04807866206086553600, 0.08367037347048002200 ) ) ;
#914 = CARTESIAN_POINT ( 'NONE',  ( -0.1191692766042857800, -0.08161422529275734500, 0.04685620292838939300 ) ) ;
#915 = CARTESIAN_POINT ( 'NONE',  ( -0.03516927660428595400, 0.04807866206086389800, 0.08367037347048098000 ) ) ;
#916 = CARTESIAN_POINT ( 'NONE',  ( -0.05416405672904721400, -0.1113857747072438100, 0.06457239902520645100 ) ) ;
#917 = CARTESIAN_POINT ( 'NONE',  ( -0.08083072339571381600, 0.09661422529275630300, 0.05551645696623557600 ) ) ;
#918 = CARTESIAN_POINT ( 'NONE',  ( -0.1261640567290470400, 0.1113857747072438100, -0.06457239902520645100 ) ) ;
#919 = CARTESIAN_POINT ( 'NONE',  ( -0.04450260993761927200, 0.0002284505855146793500, -0.09410809387790901300 ) ) ;
#920 = CARTESIAN_POINT ( 'NONE',  ( -0.03683072339571390200, -0.04807866206086553600, 0.08367037347048002200 ) ) ;
#921 = CARTESIAN_POINT ( 'NONE',  ( -0.1071692766042858100, -0.04057866206086400300, -0.07067999241371433800 ) ) ;
#922 = CARTESIAN_POINT ( 'NONE',  ( -0.01383594327095266100, 0.04842133793913613200, -0.08347252945991569300 ) ) ;
#923 = CARTESIAN_POINT ( 'NONE',  ( -0.04883072339571387800, 0.1116142252927561800, 0.06417671100408009500 ) ) ;
#924 = CARTESIAN_POINT ( 'NONE',  ( -0.1128307233957137500, 0.09661422529275630300, 0.05551645696623557600 ) ) ;
#925 = CARTESIAN_POINT ( 'NONE',  ( -0.04716927660428590900, 0.08161422529275735900, -0.04685620292838939300 ) ) ;
#926 = CARTESIAN_POINT ( 'NONE',  ( -0.08983594327095249800, -0.08138577470724267500, -0.04725189094951964100 ) ) ;
#927 = CARTESIAN_POINT ( 'NONE',  ( -0.02050260993761931400, -0.0002284505855148530700, 0.1114286019535977900 ) ) ;
#928 = CARTESIAN_POINT ( 'NONE',  ( -0.1288307233957137200, 0.1116142252927561800, 0.06417671100408009500 ) ) ;
#929 = CARTESIAN_POINT ( 'NONE',  ( -0.08850260993761918700, -0.08150000000000001700, -0.0001978440105651466300 ) ) ;
#930 = CARTESIAN_POINT ( 'NONE',  ( 0.002164056729047307000, 0.04842133793913613200, -0.08347252945991569300 ) ) ;
#931 = CARTESIAN_POINT ( 'NONE',  ( -0.07516927660428587800, -0.04807866206086386400, -0.08367037347048099400 ) ) ;
#932 = CARTESIAN_POINT ( 'NONE',  ( -0.1208307233957137700, -0.1116142252927561800, -0.06417671100408012300 ) ) ;
#933 = CARTESIAN_POINT ( 'NONE',  ( -0.07116927660428588900, -0.08161422529275734500, 0.04685620292838939300 ) ) ;
#934 = MANIFOLD_SOLID_BREP ( 'Extrude2', #1721 ) ;
#935 = CARTESIAN_POINT ( 'NONE',  ( -0.09916927660428583000, 0.04807866206086389800, 0.08367037347048098000 ) ) ;
#936 = CARTESIAN_POINT ( 'NONE',  ( -0.09650260993761918000, 0.09650000000000001600, 0.0001978440105652979800 ) ) ;
#937 = CARTESIAN_POINT ( 'NONE',  ( -0.1154973900623804100, 0.0002284505855123745300, 0.1287491100292865500 ) ) ;
#938 = APPLICATION_PROTOCOL_DEFINITION ( 'international standard', 'config_control_design', 1994, #1092 ) ;
#939 = CARTESIAN_POINT ( 'NONE',  ( -0.1111692766042858000, 0.08161422529275735900, -0.04685620292838939300 ) ) ;
#940 = CARTESIAN_POINT ( 'NONE',  ( -0.07916927660428588200, 0.09661422529275742700, -0.05551645696623362000 ) ) ;
#941 = CARTESIAN_POINT ( 'NONE',  ( -0.04083072339571389800, -0.09661422529275628900, -0.05551645696623559000 ) ) ;
#942 = CARTESIAN_POINT ( 'NONE',  ( -0.09283072339571379900, 0.05557866206086570900, -0.09666075452724649800 ) ) ;
#943 = CALENDAR_DATE ( 2023, 3, 2 ) ;
#944 = CARTESIAN_POINT ( 'NONE',  ( -0.05650260993761923500, -0.09650000000000001600, -0.0001978440105653098000 ) ) ;
#945 = CARTESIAN_POINT ( 'NONE',  ( -0.01816405672904727500, 0.04842133793913445300, 0.08347252945991667800 ) ) ;
#946 = FACE_OUTER_BOUND ( 'NONE', #769, .T. ) ;
#947 = CARTESIAN_POINT ( 'NONE',  ( -0.06183594327095255600, 0.04842133793913613200, -0.08347252945991569300 ) ) ;
#948 = CARTESIAN_POINT ( 'NONE',  ( -0.09516927660428584100, 0.09661422529275741400, -0.05551645696623361300 ) ) ;
#949 = CARTESIAN_POINT ( 'NONE',  ( -0.02083072339571393600, -0.04807866206086553600, 0.08367037347048002200 ) ) ;
#950 = CARTESIAN_POINT ( 'NONE',  ( 0.004830723395713968800, -0.04807866206086386400, -0.08367037347048099400 ) ) ;
#951 = CARTESIAN_POINT ( 'NONE',  ( -0.06083072339571386100, 0.04807866206086557800, -0.08367037347047999500 ) ) ;
#952 = CARTESIAN_POINT ( 'NONE',  ( -0.09383594327095250200, 0.04842133793913613200, -0.08347252945991569300 ) ) ;
#953 = CARTESIAN_POINT ( 'NONE',  ( -0.05283072339571387400, -0.04807866206086553600, 0.08367037347048002200 ) ) ;
#954 = CARTESIAN_POINT ( 'NONE',  ( -0.06883072339571384700, -0.04807866206086553600, 0.08367037347048002200 ) ) ;
#955 = CARTESIAN_POINT ( 'NONE',  ( -0.04050260993761926900, -0.09650000000000001600, -0.0001978440105653098000 ) ) ;
#956 = CARTESIAN_POINT ( 'NONE',  ( -0.1314973900623803700, 0.0002284505855123745300, 0.1287491100292865500 ) ) ;
#957 = CARTESIAN_POINT ( 'NONE',  ( -0.01650260993761932400, 0.09650000000000001600, 0.0001978440105652979800 ) ) ;
#958 = CARTESIAN_POINT ( 'NONE',  ( -0.08716927660428586100, -0.09661422529275741400, 0.05551645696623364000 ) ) ;
#959 = CARTESIAN_POINT ( 'NONE',  ( -0.1208307233957137300, -0.09661422529275628900, -0.05551645696623559000 ) ) ;
#960 = PRODUCT_DEFINITION ( 'UNKNOWN', '', #427, #899 ) ;
#961 = CARTESIAN_POINT ( 'NONE',  ( -0.03383594327095262200, 0.09638577470724259100, 0.05591214498736416700 ) ) ;
#962 = CARTESIAN_POINT ( 'NONE',  ( -0.1141640567290470900, 0.04842133793913445300, 0.08347252945991667800 ) ) ;
#963 = CARTESIAN_POINT ( 'NONE',  ( -0.02316927660428597400, -0.1116142252927575100, 0.06417671100407787400 ) ) ;
#964 = CARTESIAN_POINT ( 'NONE',  ( -0.07549739006238050100, -0.0002284505855125460800, -0.1114286019535977900 ) ) ;
#965 = CYLINDRICAL_SURFACE ( 'NONE', #120, 0.007500000000000000600 ) ;
#966 = CARTESIAN_POINT ( 'NONE',  ( -0.1088307233957137400, 0.04807866206086557800, -0.08367037347047999500 ) ) ;
#967 = CARTESIAN_POINT ( 'NONE',  ( 0.003497390062380637500, 0.0002284505855148666800, -0.1114286019535977900 ) ) ;
#968 = CARTESIAN_POINT ( 'NONE',  ( -0.07549739006238050100, -0.0002284505855125460800, -0.1114286019535977900 ) ) ;
#969 = CARTESIAN_POINT ( 'NONE',  ( 0.0008307233957139738600, 0.1116142252927575100, -0.06417671100407783300 ) ) ;
#970 = CARTESIAN_POINT ( 'NONE',  ( -0.07016405672904717200, -0.09638577470724370200, 0.05591214498736223800 ) ) ;
#971 = EDGE_CURVE ( 'NONE', #1513, #10, #137, .T. ) ;
#972 = CARTESIAN_POINT ( 'NONE',  ( -0.04883072339571388500, 0.09661422529275630300, 0.05551645696623556300 ) ) ;
#973 = CARTESIAN_POINT ( 'NONE',  ( -0.01116927660428600000, -0.05557866206086371100, -0.09666075452724765000 ) ) ;
#974 = CARTESIAN_POINT ( 'NONE',  ( -0.1168307233957137400, -0.04807866206086553600, 0.08367037347048002200 ) ) ;
#975 = CARTESIAN_POINT ( 'NONE',  ( -0.03516927660428595400, 0.05557866206086376600, 0.09666075452724762200 ) ) ;
#976 = CARTESIAN_POINT ( 'NONE',  ( -0.05683072339571386400, -0.09661422529275628900, -0.05551645696623559000 ) ) ;
#977 = CARTESIAN_POINT ( 'NONE',  ( -0.09683072339571378900, 0.09661422529275630300, 0.05551645696623556300 ) ) ;
#978 = CARTESIAN_POINT ( 'NONE',  ( -0.1045026099376191500, -0.09650000000000001600, -0.0001978440105653098000 ) ) ;
#979 = CARTESIAN_POINT ( 'NONE',  ( -0.1472817911188105700, 0.09649999999991605600, 0.7495411622275096600 ) ) ;
#980 = CARTESIAN_POINT ( 'NONE',  ( -0.02983594327095263200, 0.05592133793913627700, -0.09646291051668221000 ) ) ;
#981 = CARTESIAN_POINT ( 'NONE',  ( -0.008830723395713958500, -0.08161422529275637300, -0.04685620292839103700 ) ) ;
#982 = CARTESIAN_POINT ( 'NONE',  ( -0.08216405672904714100, 0.04092133793913459200, 0.07048214840315002200 ) ) ;
#983 = CARTESIAN_POINT ( 'NONE',  ( -0.01783594327095264600, 0.1113857747072424900, 0.06457239902520871300 ) ) ;
#984 = CARTESIAN_POINT ( 'NONE',  ( -0.1274973900623803900, 0.09650000000000001600, -0.0001978440105633000700 ) ) ;
#985 = CARTESIAN_POINT ( 'NONE',  ( -0.1125026099376191400, 0.1115000000000000200, 0.0001978440105654593400 ) ) ;
#986 = ORIENTED_EDGE ( 'NONE', *, *, #1710, .T. ) ;
#987 = CARTESIAN_POINT ( 'NONE',  ( -0.07283072339571383700, -0.09661422529275628900, -0.05551645696623559000 ) ) ;
#988 = CARTESIAN_POINT ( 'NONE',  ( -0.06349739006238050400, 0.08150000000000001700, -0.0001978440105634613700 ) ) ;
#989 = CARTESIAN_POINT ( 'NONE',  ( -0.01650260993761932400, 0.1115000000000000200, 0.0001978440105654593400 ) ) ;
#990 = CARTESIAN_POINT ( 'NONE',  ( -0.1200000000000000000, 0.09650000000000001600, 1.077578067733623400E-014 ) ) ;
#991 = CARTESIAN_POINT ( 'NONE',  ( -0.07516927660428587800, -0.05557866206086371100, -0.09666075452724765000 ) ) ;
#992 = CARTESIAN_POINT ( 'NONE',  ( -0.1314973900623803700, 0.0002284505855125597900, 0.1114286019535977900 ) ) ;
#993 = CARTESIAN_POINT ( 'NONE',  ( -0.02216405672904726500, -0.08138577470724363300, 0.04725189094951801100 ) ) ;
#994 = CARTESIAN_POINT ( 'NONE',  ( -0.08483072339571379200, -0.04057866206086540400, 0.07067999241371353300 ) ) ;
#995 = CARTESIAN_POINT ( 'NONE',  ( 0.003497390062380636200, 0.0002284505855150540500, -0.1287491100292865500 ) ) ;
#996 = CARTESIAN_POINT ( 'NONE',  ( 0.006164056729047298400, -0.09638577470724257700, -0.05591214498736418700 ) ) ;
#997 = CARTESIAN_POINT ( 'NONE',  ( -0.1005026099376191300, -0.0002284505855150382800, 0.1287491100292865500 ) ) ;
#998 = CARTESIAN_POINT ( 'NONE',  ( -0.02483072339571391900, -0.08161422529275637300, -0.04685620292839103700 ) ) ;
#999 = CARTESIAN_POINT ( 'NONE',  ( -0.06749739006238052200, 0.0002284505855127448900, 0.09410809387790901300 ) ) ;
#1000 = CARTESIAN_POINT ( 'NONE',  ( -0.07650260993761921800, 0.0002284505855150540500, -0.1287491100292865500 ) ) ;
#1001 = EDGE_CURVE ( 'NONE', #1572, #620, #1774, .T. ) ;
#1002 = CARTESIAN_POINT ( 'NONE',  ( -0.02083072339571394300, -0.05557866206086566100, 0.09666075452724652600 ) ) ;
#1003 = CARTESIAN_POINT ( 'NONE',  ( -0.06616405672904718300, 0.04092133793913459200, 0.07048214840315002200 ) ) ;
#1004 = CARTESIAN_POINT ( 'NONE',  ( -0.1088307233957137600, 0.04057866206086544600, -0.07067999241371350500 ) ) ;
#1005 = COORDINATED_UNIVERSAL_TIME_OFFSET ( 6, 0, .BEHIND. ) ;
#1006 = CARTESIAN_POINT ( 'NONE',  ( -0.06850260993761922400, -0.0002284505855150382800, 0.1287491100292865500 ) ) ;
#1007 = CARTESIAN_POINT ( 'NONE',  ( -0.007497390062380630700, -0.09650000000000001600, 0.0001978440105632488100 ) ) ;
#1008 =( BOUNDED_CURVE ( )  B_SPLINE_CURVE ( 2, ( #1173, #752, #1303, #1425, #1704, #1315, #875, #1722, #607, #324, #1019, #1160, #1435, #746, #41, #1013, #462, #1573, #181, #1715, #739, #1709, #1444, #474, #1578, #882, #887, #1024, #333, #893, #1309, #192, #58, #613, #482, #1181, #910, #490, #1054, #356, #1062, #1619, #1199, #1329, #93, #1459, #74, #1067, #1205, #1191, #347, #766, #774, #230, #81, #917, #1475, #1606, #1745, #1613, #781, #223, #1760, #1755, #369, #364, #1336, #1347, #628, #1599, #1738, #1046, #517, #1486, #505, #497, #216, #643, #235, #924, #1038, #1467, #1341, #88, #510, #634, #374, #1480, #648, #1211, #786 ),
 .UNSPECIFIED., .F., .F. ) 
 B_SPLINE_CURVE_WITH_KNOTS ( ( 3, 2, 2, 2, 2, 2, 2, 2, 2, 2, 2, 2, 2, 2, 2, 2, 2, 2, 2, 2, 2, 2, 2, 2, 2, 2, 2, 2, 2, 2, 2, 2, 2, 2, 2, 2, 2, 2, 2, 2, 2, 2, 2, 2, 2, 3 ),
 ( 0.0000000000000000000, 0.02083333333333342200, 0.04166666666666684500, 0.06250000000000027800, 0.08333333333333369000, 0.1041666666666671300, 0.1250000000000005600, 0.1458333333333339800, 0.1666666666666673800, 0.1875000000000008300, 0.2083333333333342600, 0.2291666666666676800, 0.2500000000000011100, 0.2708333333333345400, 0.2916666666666679600, 0.3125000000000013900, 0.3333333333333347600, 0.3541666666666682400, 0.3750000000000016700, 0.3958333333333350400, 0.4166666666666685200, 0.4375000000000018900, 0.4583333333333353700, 0.4791666666666687900, 0.5000000000000022200, 0.5208333333333355900, 0.5416666666666690700, 0.5625000000000024400, 0.5833333333333359200, 0.6041666666666692900, 0.6250000000000027800, 0.6458333333333361500, 0.6666666666666695200, 0.6875000000000030000, 0.7083333333333364800, 0.7291666666666698500, 0.7500000000000033300, 0.7708333333333368100, 0.7916666666666700700, 0.8125000000000035500, 0.8333333333333370300, 0.8541666666666702900, 0.8750000000000037700, 0.8958333333333372600, 0.9166666666666707400, 0.9375000000000041100 ),
 .UNSPECIFIED. ) 
 CURVE ( )  GEOMETRIC_REPRESENTATION_ITEM ( )  RATIONAL_B_SPLINE_CURVE ( ( 1.000000000000000000, 0.8660254037844387100, 1.000000000000000000, 0.8660254037844387100, 1.000000000000000000, 0.8660254037844387100, 1.000000000000000000, 0.8660254037844387100, 1.000000000000000000, 0.8660254037844387100, 1.000000000000000000, 0.8660254037844387100, 1.000000000000000000, 0.8660254037844387100, 1.000000000000000000, 0.8660254037844387100, 1.000000000000000000, 0.8660254037844387100, 1.000000000000000000, 0.8660254037844387100, 1.000000000000000000, 0.8660254037844387100, 1.000000000000000000, 0.8660254037844387100, 1.000000000000000000, 0.8660254037844387100, 1.000000000000000000, 0.8660254037844387100, 1.000000000000000000, 0.8660254037844387100, 1.000000000000000000, 0.8660254037844387100, 1.000000000000000000, 0.8660254037844387100, 1.000000000000000000, 0.8660254037844387100, 1.000000000000000000, 0.8660254037844387100, 1.000000000000000000, 0.8660254037844387100, 1.000000000000000000, 0.8660254037844387100, 1.000000000000000000, 0.8660254037844387100, 1.000000000000000000, 0.8660254037844387100, 1.000000000000000000, 0.8660254037844387100, 1.000000000000000000, 0.8660254037844387100, 1.000000000000000000, 0.8660254037844387100, 1.000000000000000000, 0.8660254037844387100, 1.000000000000000000, 0.8660254037844387100, 1.000000000000000000, 0.8660254037844387100, 1.000000000000000000, 0.8660254037844387100, 1.000000000000000000, 0.8660254037844387100, 1.000000000000000000, 0.8660254037844387100, 1.000000000000000000, 0.8660254037844387100, 1.000000000000000000, 0.8660254037844387100, 1.000000000000000000, 0.8660254037844387100, 1.000000000000000000, 0.8660254037844387100, 1.000000000000000000, 0.8660254037844387100, 1.000000000000000000, 0.8660254037844387100, 1.000000000000000000, 0.8660254037844387100, 1.000000000000000000, 0.8660254037844387100, 1.000000000000000000, 0.8660254037844387100, 1.000000000000000000, 0.8660254037844387100, 1.000000000000000000, 0.8660254037844387100, 1.000000000000000000, 0.8660254037844387100, 1.000000000000000000, 0.8660254037844122800, 1.000000000000026400 ) ) 
 REPRESENTATION_ITEM ( '' )  );
#1009 = CARTESIAN_POINT ( 'NONE',  ( -0.08050260993761919300, 0.1115000000000000200, 0.0001978440105654593400 ) ) ;
#1010 = CARTESIAN_POINT ( 'NONE',  ( -0.04883072339571387800, 0.08161422529275638700, 0.04685620292839103000 ) ) ;
#1011 = CARTESIAN_POINT ( 'NONE',  ( -0.05783594327095258800, -0.08138577470724267500, -0.04725189094951964100 ) ) ;
#1012 = CARTESIAN_POINT ( 'NONE',  ( -0.06316927660428589600, 0.1116142252927575100, -0.06417671100407783300 ) ) ;
#1013 = CARTESIAN_POINT ( 'NONE',  ( -0.02749739006238059400, -0.0002284505855125461000, -0.1114286019535977900 ) ) ;
#1014 = CARTESIAN_POINT ( 'NONE',  ( -0.07683072339571381200, 0.05557866206086570900, -0.09666075452724649800 ) ) ;
#1015 = CARTESIAN_POINT ( 'NONE',  ( -0.08483072339571379200, -0.04057866206086540400, 0.07067999241371353300 ) ) ;
#1016 =( GEOMETRIC_REPRESENTATION_CONTEXT ( 3 ) GLOBAL_UNCERTAINTY_ASSIGNED_CONTEXT ( ( #688 ) ) GLOBAL_UNIT_ASSIGNED_CONTEXT ( ( #539, #1352, #1789 ) ) REPRESENTATION_CONTEXT ( 'NONE', 'WORKASPACE' ) );
#1017 = CARTESIAN_POINT ( 'NONE',  ( -0.01650260993761931700, 0.08150000000000001700, 0.0001978440105651366800 ) ) ;
#1018 = CARTESIAN_POINT ( 'NONE',  ( -0.04050260993761928300, -0.1115000000000000200, -0.0001978440105654729500 ) ) ;
#1019 = CARTESIAN_POINT ( 'NONE',  ( -0.02083072339571393600, -0.04807866206086553600, 0.08367037347048002200 ) ) ;
#1020 = CARTESIAN_POINT ( 'NONE',  ( -0.03949739006238056600, -0.1115000000000000200, 0.0001978440105631251300 ) ) ;
#1021 = CARTESIAN_POINT ( 'NONE',  ( -0.1008307233957137800, -0.04057866206086540400, 0.07067999241371353300 ) ) ;
#1022 = CARTESIAN_POINT ( 'NONE',  ( -0.02450260993761930000, -0.08150000000000001700, -0.0001978440105651466300 ) ) ;
#1023 = CARTESIAN_POINT ( 'NONE',  ( -0.09783594327095249100, 0.1113857747072424900, 0.06457239902520871300 ) ) ;
#1024 = CARTESIAN_POINT ( 'NONE',  ( -0.04349739006238056300, -0.0002284505855125461000, -0.1114286019535977900 ) ) ;
#1025 = CARTESIAN_POINT ( 'NONE',  ( -0.05149739006238054200, 0.0002284505855123745300, 0.1287491100292865500 ) ) ;
#1026 = CARTESIAN_POINT ( 'NONE',  ( -0.1061640567290470800, -0.04092133793913456400, -0.07048214840315004900 ) ) ;
#1027 = EDGE_LOOP ( 'NONE', ( #1185, #401, #1554, #381 ) ) ;
#1028 = CARTESIAN_POINT ( 'NONE',  ( -0.04583594327095259800, 0.04092133793913600700, -0.07048214840314920300 ) ) ;
#1029 = CARTESIAN_POINT ( 'NONE',  ( -0.03149739006238058700, 0.1115000000000000200, -0.0001978440105631387700 ) ) ;
#1030 = CARTESIAN_POINT ( 'NONE',  ( -0.1021640567290470900, -0.09638577470724370200, 0.05591214498736223800 ) ) ;
#1031 = CARTESIAN_POINT ( 'NONE',  ( -0.1128307233957137300, 0.1116142252927561800, 0.06417671100408009500 ) ) ;
#1032 = CARTESIAN_POINT ( 'NONE',  ( -0.003169276604286012700, 0.04057866206086403100, 0.07067999241371432400 ) ) ;
#1033 = CARTESIAN_POINT ( 'NONE',  ( -0.01416405672904728600, 0.09638577470724371500, -0.05591214498736221700 ) ) ;
#1034 = CARTESIAN_POINT ( 'NONE',  ( -0.1274973900623803900, 0.08150000000000001700, -0.0001978440105634613700 ) ) ;
#1035 = CARTESIAN_POINT ( 'NONE',  ( -0.01149739006238061900, -0.0002284505855127334000, -0.09410809387790901300 ) ) ;
#1036 = CARTESIAN_POINT ( 'NONE',  ( -0.01683072339571394300, 0.08161422529275638700, 0.04685620292839103000 ) ) ;
#1037 = CARTESIAN_POINT ( 'NONE',  ( -0.07949739006238050500, 0.1115000000000000200, -0.0001978440105631387700 ) ) ;
#1038 = CARTESIAN_POINT ( 'NONE',  ( -0.1141640567290470900, 0.04842133793913445300, 0.08347252945991667800 ) ) ;
#1039 = CARTESIAN_POINT ( 'NONE',  ( -0.1194973900623804000, -0.09650000000000001600, 0.0001978440105632882500 ) ) ;
#1040 = CARTESIAN_POINT ( 'NONE',  ( -0.09016405672904714800, -0.05592133793913427900, -0.09646291051668333400 ) ) ;
#1041 = CARTESIAN_POINT ( 'NONE',  ( -0.03250260993761929000, 0.08150000000000001700, 0.0001978440105651366800 ) ) ;
#1042 = CARTESIAN_POINT ( 'NONE',  ( -0.02349739006238059400, -0.09650000000000001600, 0.0001978440105632882500 ) ) ;
#1043 = CARTESIAN_POINT ( 'NONE',  ( -0.09383594327095250200, 0.04092133793913600700, -0.07048214840314920300 ) ) ;
#1044 = CARTESIAN_POINT ( 'NONE',  ( -0.07650260993761919000, 0.0002284505855148667000, -0.1114286019535977900 ) ) ;
#1045 = CARTESIAN_POINT ( 'NONE',  ( -0.06483072339571384300, 0.1116142252927561800, 0.06417671100408009500 ) ) ;
#1046 = CARTESIAN_POINT ( 'NONE',  ( -0.1021640567290470900, -0.09638577470724368800, 0.05591214498736223800 ) ) ;
#1047 = CARTESIAN_POINT ( 'NONE',  ( -0.1248307233957137400, 0.05557866206086570900, -0.09666075452724649800 ) ) ;
#1048 = CARTESIAN_POINT ( 'NONE',  ( -0.1074973900623804300, -0.0002284505855127334000, -0.09410809387790901300 ) ) ;
#1049 = CARTESIAN_POINT ( 'NONE',  ( -0.1274973900623806200, 0.09650000000000003000, -0.0001978440105535232200 ) ) ;
#1050 = CARTESIAN_POINT ( 'NONE',  ( -0.0005026099376193537900, 0.09650000000000001600, 0.0001978440105652979800 ) ) ;
#1051 = CARTESIAN_POINT ( 'NONE',  ( -0.05650260993761923500, -0.09650000000000001600, -0.0001978440105653098000 ) ) ;
#1052 = CARTESIAN_POINT ( 'NONE',  ( -0.01149739006238062500, -0.0002284505855123587500, -0.1287491100292865500 ) ) ;
#1053 = PERSON_AND_ORGANIZATION ( #864, #1292 ) ;
#1054 = CARTESIAN_POINT ( 'NONE',  ( -0.05816405672904719600, -0.04842133793913441800, -0.08347252945991669200 ) ) ;
#1055 = CC_DESIGN_DATE_AND_TIME_ASSIGNMENT ( #359, #1493, ( #960 ) ) ;
#1056 = CARTESIAN_POINT ( 'NONE',  ( -0.03949739006238056600, -0.09650000000000001600, 0.0001978440105632882500 ) ) ;
#1057 = CARTESIAN_POINT ( 'NONE',  ( -0.1191692766042857800, -0.08161422529275734500, 0.04685620292838939300 ) ) ;
#1058 = CARTESIAN_POINT ( 'NONE',  ( -0.04083072339571389800, -0.09661422529275628900, -0.05551645696623559000 ) ) ;
#1059 = CARTESIAN_POINT ( 'NONE',  ( -0.1098359432709524900, 0.04092133793913600700, -0.07048214840314920300 ) ) ;
#1060 = CARTESIAN_POINT ( 'NONE',  ( -0.008502609937619337600, -0.09650000000000001600, -0.0001978440105653098000 ) ) ;
#1061 = CARTESIAN_POINT ( 'NONE',  ( -0.05949739006238052200, -0.0002284505855123587500, -0.1287491100292865500 ) ) ;
#1062 = CARTESIAN_POINT ( 'NONE',  ( -0.06083072339571386100, 0.04807866206086557800, -0.08367037347047999500 ) ) ;
#1063 = CARTESIAN_POINT ( 'NONE',  ( -0.06716927660428588500, 0.04057866206086403100, 0.07067999241371432400 ) ) ;
#1064 = CARTESIAN_POINT ( 'NONE',  ( -0.09783594327095247700, 0.08138577470724270300, 0.04725189094951961300 ) ) ;
#1065 = CARTESIAN_POINT ( 'NONE',  ( 0.002164056729047307000, 0.04842133793913613200, -0.08347252945991569300 ) ) ;
#1066 = CARTESIAN_POINT ( 'NONE',  ( -0.03149739006238058000, 0.09650000000000001600, -0.0001978440105633000700 ) ) ;
#1067 = CARTESIAN_POINT ( 'NONE',  ( -0.07016405672904717200, -0.09638577470724368800, 0.05591214498736223800 ) ) ;
#1068 = CARTESIAN_POINT ( 'NONE',  ( -0.08316927660428583000, 0.04057866206086403100, 0.07067999241371432400 ) ) ;
#1069 = CARTESIAN_POINT ( 'NONE',  ( -0.04716927660428593000, 0.09661422529275742700, -0.05551645696623362000 ) ) ;
#1070 = CARTESIAN_POINT ( 'NONE',  ( -0.02850260993761930000, 0.0002284505855148667000, -0.1114286019535977900 ) ) ;
#1071 = CARTESIAN_POINT ( 'NONE',  ( -0.1274973900623803900, 0.1115000000000000200, -0.0001978440105631387700 ) ) ;
#1072 = APPROVAL_STATUS ( 'not_yet_approved' ) ;
#1073 = CARTESIAN_POINT ( 'NONE',  ( -0.09783594327095247700, 0.08138577470724270300, 0.04725189094951961300 ) ) ;
#1074 = CARTESIAN_POINT ( 'NONE',  ( -0.03250260993761929600, 0.09650000000000001600, 0.0001978440105652979800 ) ) ;
#1075 = CARTESIAN_POINT ( 'NONE',  ( -0.03016405672904724400, 0.09638577470724371500, -0.05591214498736221700 ) ) ;
#1076 = ORIENTED_EDGE ( 'NONE', *, *, #1778, .T. ) ;
#1077 = CARTESIAN_POINT ( 'NONE',  ( -0.02616405672904725800, -0.04842133793913441800, -0.08347252945991669200 ) ) ;
#1078 = CARTESIAN_POINT ( 'NONE',  ( -0.1165026099376191400, -0.0002284505855146678600, 0.09410809387790901300 ) ) ;
#1079 = CARTESIAN_POINT ( 'NONE',  ( -0.03383594327095262200, 0.09638577470724259100, 0.05591214498736416700 ) ) ;
#1080 = CARTESIAN_POINT ( 'NONE',  ( -0.1125026099376193700, 0.09650000000000001600, 0.0001978440105750747500 ) ) ;
#1081 = CARTESIAN_POINT ( 'NONE',  ( -0.1101640567290471000, 0.1113857747072438100, -0.06457239902520645100 ) ) ;
#1082 = CARTESIAN_POINT ( 'NONE',  ( -0.06716927660428588500, 0.04807866206086389800, 0.08367037347048098000 ) ) ;
#1083 = CARTESIAN_POINT ( 'NONE',  ( -0.1194973900623804200, -0.1115000000000000200, 0.0001978440105631251300 ) ) ;
#1084 = CARTESIAN_POINT ( 'NONE',  ( -0.04450260993761926500, 0.0002284505855148666800, -0.1114286019535977900 ) ) ;
#1085 = CARTESIAN_POINT ( 'NONE',  ( -0.03549739006238057000, 0.0002284505855125597900, 0.1114286019535977900 ) ) ;
#1086 = CARTESIAN_POINT ( 'NONE',  ( -0.09416405672904715200, 0.1113857747072438100, -0.06457239902520645100 ) ) ;
#1087 = CARTESIAN_POINT ( 'NONE',  ( -0.008502609937619337600, -0.09650000000000001600, -0.0001978440105653098000 ) ) ;
#1088 = CARTESIAN_POINT ( 'NONE',  ( -0.06349739006238051800, 0.09650000000000001600, -0.0001978440105633000700 ) ) ;
#1089 = CARTESIAN_POINT ( 'NONE',  ( -0.05516927660428590200, -0.09661422529275742700, 0.05551645696623364000 ) ) ;
#1090 = CARTESIAN_POINT ( 'NONE',  ( -0.05416405672904721400, -0.09638577470724370200, 0.05591214498736223800 ) ) ;
#1091 = CARTESIAN_POINT ( 'NONE',  ( -0.09549739006238044900, 0.09650000000000001600, -0.0001978440105633000700 ) ) ;
#1092 = APPLICATION_CONTEXT ( 'configuration controlled 3d designs of mechanical parts and assemblies' ) ;
#1093 = CARTESIAN_POINT ( 'NONE',  ( -0.05116927660428592000, 0.04807866206086389800, 0.08367037347048098000 ) ) ;
#1094 = CARTESIAN_POINT ( 'NONE',  ( -0.1168307233957137600, -0.05557866206086566100, 0.09666075452724652600 ) ) ;
#1095 = COORDINATED_UNIVERSAL_TIME_OFFSET ( 6, 0, .BEHIND. ) ;
#1096 = CARTESIAN_POINT ( 'NONE',  ( -0.1138359432709524600, 0.09638577470724259100, 0.05591214498736416700 ) ) ;
#1097 = EDGE_LOOP ( 'NONE', ( #617, #247, #73, #466 ) ) ;
#1098 = CARTESIAN_POINT ( 'NONE',  ( -0.01016405672904729100, -0.04842133793913441800, -0.08347252945991669200 ) ) ;
#1099 = EDGE_CURVE ( 'NONE', #1726, #1595, #1437, .T. ) ;
#1100 = CARTESIAN_POINT ( 'NONE',  ( -0.1248307233957137300, 0.04807866206086557800, -0.08367037347047999500 ) ) ;
#1101 = CARTESIAN_POINT ( 'NONE',  ( -0.004502609937619346200, -0.0002284505855148530400, 0.1114286019535977900 ) ) ;
#1102 = CARTESIAN_POINT ( 'NONE',  ( -0.1221640567290470500, -0.04842133793913441800, -0.08347252945991669200 ) ) ;
#1103 = CARTESIAN_POINT ( 'NONE',  ( -0.008502609937619341100, -0.1115000000000000200, -0.0001978440105654729500 ) ) ;
#1104 = CARTESIAN_POINT ( 'NONE',  ( -0.1088307233957137400, 0.04807866206086557800, -0.08367037347047999500 ) ) ;
#1105 = DIMENSIONAL_EXPONENTS ( 1.000000000000000000, 0.0000000000000000000, 0.0000000000000000000, 0.0000000000000000000, 0.0000000000000000000, 0.0000000000000000000, 0.0000000000000000000 ) ;
#1106 = CARTESIAN_POINT ( 'NONE',  ( -0.1261640567290470400, 0.09638577470724371500, -0.05591214498736221700 ) ) ;
#1107 = CARTESIAN_POINT ( 'NONE',  ( -0.0005026099376193537900, 0.09650000000000001600, 0.0001978440105652979800 ) ) ;
#1108 = DIRECTION ( 'NONE',  ( -0.9996520083174170700, 0.0000000000000000000, 0.02637920140858225600 ) ) ;
#1109 = CARTESIAN_POINT ( 'NONE',  ( -0.02850260993761929600, 0.0002284505855150540500, -0.1287491100292865500 ) ) ;
#1110 = CARTESIAN_POINT ( 'NONE',  ( -0.1288307233957137200, 0.09661422529275630300, 0.05551645696623556300 ) ) ;
#1111 = CARTESIAN_POINT ( 'NONE',  ( -0.05816405672904719600, -0.04842133793913441800, -0.08347252945991669200 ) ) ;
#1112 = CARTESIAN_POINT ( 'NONE',  ( -0.09650260993761918000, 0.09650000000000001600, 0.0001978440105652979800 ) ) ;
#1113 = CARTESIAN_POINT ( 'NONE',  ( -0.1061640567290470900, -0.04842133793913441800, -0.08347252945991669200 ) ) ;
#1114 = CARTESIAN_POINT ( 'NONE',  ( -0.04583594327095259800, 0.05592133793913627700, -0.09646291051668221000 ) ) ;
#1115 = CARTESIAN_POINT ( 'NONE',  ( -0.08749739006238047000, -0.09650000000000001600, 0.0001978440105632882500 ) ) ;
#1116 = CALENDAR_DATE ( 2023, 3, 2 ) ;
#1117 = CARTESIAN_POINT ( 'NONE',  ( -0.1034973900623804300, -0.09650000000000001600, 0.0001978440105632882500 ) ) ;
#1118 = EDGE_LOOP ( 'NONE', ( #1254, #1439 ) ) ;
#1119 = CARTESIAN_POINT ( 'NONE',  ( -0.1005026099376191600, -0.0002284505855148530400, 0.1114286019535977900 ) ) ;
#1120 = CARTESIAN_POINT ( 'NONE',  ( -0.1101640567290470800, 0.09638577470724371500, -0.05591214498736221700 ) ) ;
#1121 = CARTESIAN_POINT ( 'NONE',  ( -0.03916927660428594400, -0.1116142252927575100, 0.06417671100407787400 ) ) ;
#1122 = CARTESIAN_POINT ( 'NONE',  ( -0.01016405672904728700, -0.04092133793913456400, -0.07048214840315004900 ) ) ;
#1123 =( BOUNDED_SURFACE ( )  B_SPLINE_SURFACE ( 3, 2, ( 
 ( #817, #383, #1098, #1225, #1230, #242, #1776, #1355, #112, #388, #118, #408, #1515, #1374, #1379, #1632, #1520, #1075, #1220, #524, #1496, #1085, #254, #801, #1237, #941, #107, #1363, #530, #680, #1502, #806, #394, #1507, #953, #1090, #1531, #976, #1273, #413, #1385, #692, #1661, #438, #1409, #697, #419, #970, #836, #987, #1665, #964, #129, #1266, #577, #1798, #141, #559, #153, #686, #1115, #828, #425, #1655, #288, #570, #1403, #849, #277, #823, #1261, #553, #1525, #433, #1255, #1544, #1104, #1129, #712, #1390, #1249, #4, #272, #282, #1803, #1396, #564, #1539, #134, #17, #1676, #1110, #704, #842, #147, #294, #1671 ),
 ( #11, #981, #1122, #443, #1427, #453, #169, #1693, #33, #310, #591, #993, #23, #998, #449, #721, #1565, #164, #316, #1417, #28, #38, #1279, #1299, #1413, #1283, #1293, #465, #1140, #1555, #1432, #1010, #305, #586, #1688, #1559, #726, #1549, #861, #598, #1144, #867, #878, #581, #1003, #43, #174, #1288, #159, #1422, #730, #1150, #1699, #872, #457, #1569, #736, #1706, #1015, #183, #716, #1155, #1683, #321, #855, #1135, #300, #335, #76, #477, #1021, #1318, #1455, #60, #1026, #1048, #741, #218, #1193, #195, #326, #1184, #896, #616, #1168, #358, #889, #350, #912, #609, #905, #1324, #1446, #470, #1712, #1311, #1586 ),
 ( #492, #1331, #884, #67, #500, #1580, #49, #1461, #1032, #624, #1575, #203, #1740, #1305, #604, #754, #1176, #1725, #343, #748, #188, #1717, #55, #1438, #485, #1162, #630, #1594, #761, #1733, #1041, #211, #1601, #768, #94, #1620, #1761, #236, #518, #919, #1748, #925, #370, #644, #1487, #89, #240, #1342, #1756, #1767, #1201, #1223, #1337, #1206, #1218, #385, #1063, #1476, #1358, #933, #231, #511, #1614, #1481, #649, #1469, #782, #522, #1068, #787, #799, #365, #929, #1773, #100, #1213, #83, #375, #1348, #1073, #654, #1625, #793, #380, #1353, #1494, #660, #1630, #636, #939, #1608, #105, #776, #1078, #245, #1057, #225 ),
 ( #506, #1790, #950, #967, #667, #131, #1107, #114, #251, #1101, #814, #540, #1087, #275, #808, #269, #825, #533, #820, #1247, #1371, #391, #1634, #257, #1511, #1795, #1800, #1784, #410, #1251, #803, #961, #416, #1504, #1779, #1382, #955, #545, #1499, #122, #1657, #1227, #527, #677, #1093, #1234, #263, #672, #944, #1642, #397, #1365, #1648, #109, #549, #1240, #1082, #405, #1376, #1517, #1522, #683, #1652, #127, #689, #149, #435, #832, #1663, #838, #285, #561, #1406, #6, #155, #1263, #1667, #1681, #1112, #1137, #1258, #1119, #1131, #302, #978, #1393, #1281, #852, #144, #428, #1535, #1398, #567, #1387, #700, #440, #13 ),
 ( #556, #25, #1551, #995, #1541, #709, #694, #20, #1528, #1673, #279, #1, #296, #1411, #973, #845, #579, #572, #989, #983, #1125, #161, #421, #291, #1269, #1546, #138, #714, #1276, #718, #1685, #858, #744, #455, #723, #1691, #1018, #1165, #1557, #733, #312, #1714, #331, #874, #451, #179, #446, #45, #323, #1158, #606, #35, #1415, #1012, #307, #1285, #185, #1006, #1302, #865, #886, #468, #1147, #1000, #171, #31, #1290, #191, #1424, #1152, #593, #1420, #1577, #1434, #584, #40, #601, #1708, #53, #1023, #1567, #1703, #167, #318, #881, #1296, #461, #589, #1142, #1562, #728, #1695, #869, #1429, #1571, #738, #1737 ),
 ( #473, #1583, #1321, #1052, #80, #765, #612, #1598, #198, #1744, #1197, #1335, #57, #504, #1730, #909, #1720, #1452, #1029, #72, #900, #1605, #1473, #222, #363, #641, #339, #1612, #1443, #1753, #780, #923, #1458, #627, #751, #916, #892, #1314, #1172, #1061, #87, #229, #481, #1045, #1204, #355, #773, #346, #215, #1308, #621, #1590, #758, #64, #1037, #208, #489, #1180, #1190, #1328, #496, #1465, #633, #1617, #942, #1086, #1479, #657, #239, #671, #255, #796, #373, #103, #368, #1777, #248, #1081, #531, #1764, #1340, #937, #234, #1209, #108, #932, #1226, #785, #1640, #389, #1071, #928, #99, #647, #1217, #113, #378 ),
 ( #1503, #1364, #509, #1770, #525, #1633, #807, #1783, #1351, #521, #949, #1628, #802, #1492, #1077, #1346, #1759, #92, #1066, #516, #1485, #653, #243, #1221, #384, #1497, #1624, #791, #1356, #665, #1245, #972, #1804, #687, #538, #1521, #119, #1662, #1111, #1257, #1788, #420, #1651, #824, #1646, #1375, #954, #1656, #819, #1527, #1392, #136, #278, #560, #261, #1533, #395, #1666, #698, #837, #1381, #548, #1508, #830, #1369, #1238, #1091, #977, #5, #142, #676, #1799, #1117, #273, #693, #268, #966, #1232, #403, #544, #1516, #681, #812, #1794, #409, #959, #126, #130, #1100, #1106, #1250, #415, #1386, #554, #1383, #360, #1332 ) ),
 .UNSPECIFIED., .T., .F., .F. ) 
 B_SPLINE_SURFACE_WITH_KNOTS ( ( 4, 3, 4 ),
 ( 3, 2, 2, 2, 2, 2, 2, 2, 2, 2, 2, 2, 2, 2, 2, 2, 2, 2, 2, 2, 2, 2, 2, 2, 2, 2, 2, 2, 2, 2, 2, 2, 2, 2, 2, 2, 2, 2, 2, 2, 2, 2, 2, 2, 2, 2, 2, 2, 3 ),
 ( 0.0000000000000000000, 0.5000000000000000000, 1.000000000000000000 ),
 ( 0.0000000000000000000, 0.02083333333333333200, 0.04166666666666666400, 0.06250000000000000000, 0.08333333333333332900, 0.1041666666666666700, 0.1250000000000000000, 0.1458333333333333400, 0.1666666666666666600, 0.1875000000000000000, 0.2083333333333333400, 0.2291666666666666600, 0.2500000000000000000, 0.2708333333333333100, 0.2916666666666666900, 0.3125000000000000000, 0.3333333333333333100, 0.3541666666666666900, 0.3750000000000000000, 0.3958333333333333100, 0.4166666666666666900, 0.4375000000000000000, 0.4583333333333333100, 0.4791666666666666900, 0.5000000000000000000, 0.5208333333333333700, 0.5416666666666666300, 0.5625000000000000000, 0.5833333333333333700, 0.6041666666666666300, 0.6250000000000000000, 0.6458333333333333700, 0.6666666666666666300, 0.6875000000000000000, 0.7083333333333333700, 0.7291666666666666300, 0.7500000000000000000, 0.7708333333333333700, 0.7916666666666666300, 0.8125000000000000000, 0.8333333333333333700, 0.8541666666666666300, 0.8750000000000000000, 0.8958333333333333700, 0.9166666666666666300, 0.9375000000000000000, 0.9583333333333333700, 0.9791666666666666300, 1.000000000000000000 ),
 .UNSPECIFIED. ) 
 GEOMETRIC_REPRESENTATION_ITEM ( )  RATIONAL_B_SPLINE_SURFACE ( (
 ( 1.000000000000000000, 0.8660254037844387100, 1.000000000000000000, 0.8660254037844387100, 1.000000000000000000, 0.8660254037844387100, 1.000000000000000000, 0.8660254037844387100, 1.000000000000000000, 0.8660254037844387100, 1.000000000000000000, 0.8660254037844387100, 1.000000000000000000, 0.8660254037844387100, 1.000000000000000000, 0.8660254037844387100, 1.000000000000000000, 0.8660254037844387100, 1.000000000000000000, 0.8660254037844387100, 1.000000000000000000, 0.8660254037844387100, 1.000000000000000000, 0.8660254037844387100, 1.000000000000000000, 0.8660254037844387100, 1.000000000000000000, 0.8660254037844387100, 1.000000000000000000, 0.8660254037844387100, 1.000000000000000000, 0.8660254037844387100, 1.000000000000000000, 0.8660254037844387100, 1.000000000000000000, 0.8660254037844387100, 1.000000000000000000, 0.8660254037844387100, 1.000000000000000000, 0.8660254037844387100, 1.000000000000000000, 0.8660254037844387100, 1.000000000000000000, 0.8660254037844387100, 1.000000000000000000, 0.8660254037844387100, 1.000000000000000000, 0.8660254037844387100, 1.000000000000000000, 0.8660254037844387100, 1.000000000000000000, 0.8660254037844387100, 1.000000000000000000, 0.8660254037844387100, 1.000000000000000000, 0.8660254037844387100, 1.000000000000000000, 0.8660254037844387100, 1.000000000000000000, 0.8660254037844387100, 1.000000000000000000, 0.8660254037844387100, 1.000000000000000000, 0.8660254037844387100, 1.000000000000000000, 0.8660254037844387100, 1.000000000000000000, 0.8660254037844387100, 1.000000000000000000, 0.8660254037844387100, 1.000000000000000000, 0.8660254037844387100, 1.000000000000000000, 0.8660254037844387100, 1.000000000000000000, 0.8660254037844387100, 1.000000000000000000, 0.8660254037844387100, 1.000000000000000000, 0.8660254037844387100, 1.000000000000000000, 0.8660254037844387100, 1.000000000000000000, 0.8660254037844387100, 1.000000000000000000, 0.8660254037844387100, 1.000000000000000000, 0.8660254037844387100, 1.000000000000000000, 0.8660254037844387100, 1.000000000000000000, 0.8660254037844387100, 1.000000000000000000, 0.8660254037844387100, 1.000000000000000000, 0.8660254037844387100, 1.000000000000000000),
 ( 0.3333333333333333700, 0.2886751345948129200, 0.3333333333333333700, 0.2886751345948129200, 0.3333333333333333700, 0.2886751345948129200, 0.3333333333333333700, 0.2886751345948129200, 0.3333333333333333700, 0.2886751345948129200, 0.3333333333333333700, 0.2886751345948129200, 0.3333333333333333700, 0.2886751345948129200, 0.3333333333333333700, 0.2886751345948129200, 0.3333333333333333700, 0.2886751345948129200, 0.3333333333333333700, 0.2886751345948129200, 0.3333333333333333700, 0.2886751345948129200, 0.3333333333333333700, 0.2886751345948129200, 0.3333333333333333700, 0.2886751345948129200, 0.3333333333333333700, 0.2886751345948129200, 0.3333333333333333700, 0.2886751345948129200, 0.3333333333333333700, 0.2886751345948129200, 0.3333333333333333700, 0.2886751345948129200, 0.3333333333333333700, 0.2886751345948129200, 0.3333333333333333700, 0.2886751345948129200, 0.3333333333333333700, 0.2886751345948129200, 0.3333333333333333700, 0.2886751345948129200, 0.3333333333333333700, 0.2886751345948129200, 0.3333333333333333700, 0.2886751345948129200, 0.3333333333333333700, 0.2886751345948129200, 0.3333333333333333700, 0.2886751345948129200, 0.3333333333333333700, 0.2886751345948129200, 0.3333333333333333700, 0.2886751345948129200, 0.3333333333333333700, 0.2886751345948129200, 0.3333333333333333700, 0.2886751345948129200, 0.3333333333333333700, 0.2886751345948129200, 0.3333333333333333700, 0.2886751345948129200, 0.3333333333333333700, 0.2886751345948129200, 0.3333333333333333700, 0.2886751345948129200, 0.3333333333333333700, 0.2886751345948129200, 0.3333333333333333700, 0.2886751345948129200, 0.3333333333333333700, 0.2886751345948129200, 0.3333333333333333700, 0.2886751345948129200, 0.3333333333333333700, 0.2886751345948129200, 0.3333333333333333700, 0.2886751345948129200, 0.3333333333333333700, 0.2886751345948129200, 0.3333333333333333700, 0.2886751345948129200, 0.3333333333333333700, 0.2886751345948129200, 0.3333333333333333700, 0.2886751345948129200, 0.3333333333333333700, 0.2886751345948129200, 0.3333333333333333700, 0.2886751345948129200, 0.3333333333333333700, 0.2886751345948129200, 0.3333333333333333700, 0.2886751345948129200, 0.3333333333333333700, 0.2886751345948129200, 0.3333333333333333700),
 ( 0.3333333333333333700, 0.2886751345948129200, 0.3333333333333333700, 0.2886751345948129200, 0.3333333333333333700, 0.2886751345948129200, 0.3333333333333333700, 0.2886751345948129200, 0.3333333333333333700, 0.2886751345948129200, 0.3333333333333333700, 0.2886751345948129200, 0.3333333333333333700, 0.2886751345948129200, 0.3333333333333333700, 0.2886751345948129200, 0.3333333333333333700, 0.2886751345948129200, 0.3333333333333333700, 0.2886751345948129200, 0.3333333333333333700, 0.2886751345948129200, 0.3333333333333333700, 0.2886751345948129200, 0.3333333333333333700, 0.2886751345948129200, 0.3333333333333333700, 0.2886751345948129200, 0.3333333333333333700, 0.2886751345948129200, 0.3333333333333333700, 0.2886751345948129200, 0.3333333333333333700, 0.2886751345948129200, 0.3333333333333333700, 0.2886751345948129200, 0.3333333333333333700, 0.2886751345948129200, 0.3333333333333333700, 0.2886751345948129200, 0.3333333333333333700, 0.2886751345948129200, 0.3333333333333333700, 0.2886751345948129200, 0.3333333333333333700, 0.2886751345948129200, 0.3333333333333333700, 0.2886751345948129200, 0.3333333333333333700, 0.2886751345948129200, 0.3333333333333333700, 0.2886751345948129200, 0.3333333333333333700, 0.2886751345948129200, 0.3333333333333333700, 0.2886751345948129200, 0.3333333333333333700, 0.2886751345948129200, 0.3333333333333333700, 0.2886751345948129200, 0.3333333333333333700, 0.2886751345948129200, 0.3333333333333333700, 0.2886751345948129200, 0.3333333333333333700, 0.2886751345948129200, 0.3333333333333333700, 0.2886751345948129200, 0.3333333333333333700, 0.2886751345948129200, 0.3333333333333333700, 0.2886751345948129200, 0.3333333333333333700, 0.2886751345948129200, 0.3333333333333333700, 0.2886751345948129200, 0.3333333333333333700, 0.2886751345948129200, 0.3333333333333333700, 0.2886751345948129200, 0.3333333333333333700, 0.2886751345948129200, 0.3333333333333333700, 0.2886751345948129200, 0.3333333333333333700, 0.2886751345948129200, 0.3333333333333333700, 0.2886751345948129200, 0.3333333333333333700, 0.2886751345948129200, 0.3333333333333333700, 0.2886751345948129200, 0.3333333333333333700, 0.2886751345948129200, 0.3333333333333333700, 0.2886751345948129200, 0.3333333333333333700),
 ( 1.000000000000000000, 0.8660254037844387100, 1.000000000000000000, 0.8660254037844387100, 1.000000000000000000, 0.8660254037844387100, 1.000000000000000000, 0.8660254037844387100, 1.000000000000000000, 0.8660254037844387100, 1.000000000000000000, 0.8660254037844387100, 1.000000000000000000, 0.8660254037844387100, 1.000000000000000000, 0.8660254037844387100, 1.000000000000000000, 0.8660254037844387100, 1.000000000000000000, 0.8660254037844387100, 1.000000000000000000, 0.8660254037844387100, 1.000000000000000000, 0.8660254037844387100, 1.000000000000000000, 0.8660254037844387100, 1.000000000000000000, 0.8660254037844387100, 1.000000000000000000, 0.8660254037844387100, 1.000000000000000000, 0.8660254037844387100, 1.000000000000000000, 0.8660254037844387100, 1.000000000000000000, 0.8660254037844387100, 1.000000000000000000, 0.8660254037844387100, 1.000000000000000000, 0.8660254037844387100, 1.000000000000000000, 0.8660254037844387100, 1.000000000000000000, 0.8660254037844387100, 1.000000000000000000, 0.8660254037844387100, 1.000000000000000000, 0.8660254037844387100, 1.000000000000000000, 0.8660254037844387100, 1.000000000000000000, 0.8660254037844387100, 1.000000000000000000, 0.8660254037844387100, 1.000000000000000000, 0.8660254037844387100, 1.000000000000000000, 0.8660254037844387100, 1.000000000000000000, 0.8660254037844387100, 1.000000000000000000, 0.8660254037844387100, 1.000000000000000000, 0.8660254037844387100, 1.000000000000000000, 0.8660254037844387100, 1.000000000000000000, 0.8660254037844387100, 1.000000000000000000, 0.8660254037844387100, 1.000000000000000000, 0.8660254037844387100, 1.000000000000000000, 0.8660254037844387100, 1.000000000000000000, 0.8660254037844387100, 1.000000000000000000, 0.8660254037844387100, 1.000000000000000000, 0.8660254037844387100, 1.000000000000000000, 0.8660254037844387100, 1.000000000000000000, 0.8660254037844387100, 1.000000000000000000, 0.8660254037844387100, 1.000000000000000000, 0.8660254037844387100, 1.000000000000000000, 0.8660254037844387100, 1.000000000000000000, 0.8660254037844387100, 1.000000000000000000, 0.8660254037844387100, 1.000000000000000000, 0.8660254037844387100, 1.000000000000000000),
 ( 0.3333333333333333700, 0.2886751345948129200, 0.3333333333333333700, 0.2886751345948129200, 0.3333333333333333700, 0.2886751345948129200, 0.3333333333333333700, 0.2886751345948129200, 0.3333333333333333700, 0.2886751345948129200, 0.3333333333333333700, 0.2886751345948129200, 0.3333333333333333700, 0.2886751345948129200, 0.3333333333333333700, 0.2886751345948129200, 0.3333333333333333700, 0.2886751345948129200, 0.3333333333333333700, 0.2886751345948129200, 0.3333333333333333700, 0.2886751345948129200, 0.3333333333333333700, 0.2886751345948129200, 0.3333333333333333700, 0.2886751345948129200, 0.3333333333333333700, 0.2886751345948129200, 0.3333333333333333700, 0.2886751345948129200, 0.3333333333333333700, 0.2886751345948129200, 0.3333333333333333700, 0.2886751345948129200, 0.3333333333333333700, 0.2886751345948129200, 0.3333333333333333700, 0.2886751345948129200, 0.3333333333333333700, 0.2886751345948129200, 0.3333333333333333700, 0.2886751345948129200, 0.3333333333333333700, 0.2886751345948129200, 0.3333333333333333700, 0.2886751345948129200, 0.3333333333333333700, 0.2886751345948129200, 0.3333333333333333700, 0.2886751345948129200, 0.3333333333333333700, 0.2886751345948129200, 0.3333333333333333700, 0.2886751345948129200, 0.3333333333333333700, 0.2886751345948129200, 0.3333333333333333700, 0.2886751345948129200, 0.3333333333333333700, 0.2886751345948129200, 0.3333333333333333700, 0.2886751345948129200, 0.3333333333333333700, 0.2886751345948129200, 0.3333333333333333700, 0.2886751345948129200, 0.3333333333333333700, 0.2886751345948129200, 0.3333333333333333700, 0.2886751345948129200, 0.3333333333333333700, 0.2886751345948129200, 0.3333333333333333700, 0.2886751345948129200, 0.3333333333333333700, 0.2886751345948129200, 0.3333333333333333700, 0.2886751345948129200, 0.3333333333333333700, 0.2886751345948129200, 0.3333333333333333700, 0.2886751345948129200, 0.3333333333333333700, 0.2886751345948129200, 0.3333333333333333700, 0.2886751345948129200, 0.3333333333333333700, 0.2886751345948129200, 0.3333333333333333700, 0.2886751345948129200, 0.3333333333333333700, 0.2886751345948129200, 0.3333333333333333700, 0.2886751345948129200, 0.3333333333333333700, 0.2886751345948129200, 0.3333333333333333700),
 ( 0.3333333333333333700, 0.2886751345948129200, 0.3333333333333333700, 0.2886751345948129200, 0.3333333333333333700, 0.2886751345948129200, 0.3333333333333333700, 0.2886751345948129200, 0.3333333333333333700, 0.2886751345948129200, 0.3333333333333333700, 0.2886751345948129200, 0.3333333333333333700, 0.2886751345948129200, 0.3333333333333333700, 0.2886751345948129200, 0.3333333333333333700, 0.2886751345948129200, 0.3333333333333333700, 0.2886751345948129200, 0.3333333333333333700, 0.2886751345948129200, 0.3333333333333333700, 0.2886751345948129200, 0.3333333333333333700, 0.2886751345948129200, 0.3333333333333333700, 0.2886751345948129200, 0.3333333333333333700, 0.2886751345948129200, 0.3333333333333333700, 0.2886751345948129200, 0.3333333333333333700, 0.2886751345948129200, 0.3333333333333333700, 0.2886751345948129200, 0.3333333333333333700, 0.2886751345948129200, 0.3333333333333333700, 0.2886751345948129200, 0.3333333333333333700, 0.2886751345948129200, 0.3333333333333333700, 0.2886751345948129200, 0.3333333333333333700, 0.2886751345948129200, 0.3333333333333333700, 0.2886751345948129200, 0.3333333333333333700, 0.2886751345948129200, 0.3333333333333333700, 0.2886751345948129200, 0.3333333333333333700, 0.2886751345948129200, 0.3333333333333333700, 0.2886751345948129200, 0.3333333333333333700, 0.2886751345948129200, 0.3333333333333333700, 0.2886751345948129200, 0.3333333333333333700, 0.2886751345948129200, 0.3333333333333333700, 0.2886751345948129200, 0.3333333333333333700, 0.2886751345948129200, 0.3333333333333333700, 0.2886751345948129200, 0.3333333333333333700, 0.2886751345948129200, 0.3333333333333333700, 0.2886751345948129200, 0.3333333333333333700, 0.2886751345948129200, 0.3333333333333333700, 0.2886751345948129200, 0.3333333333333333700, 0.2886751345948129200, 0.3333333333333333700, 0.2886751345948129200, 0.3333333333333333700, 0.2886751345948129200, 0.3333333333333333700, 0.2886751345948129200, 0.3333333333333333700, 0.2886751345948129200, 0.3333333333333333700, 0.2886751345948129200, 0.3333333333333333700, 0.2886751345948129200, 0.3333333333333333700, 0.2886751345948129200, 0.3333333333333333700, 0.2886751345948129200, 0.3333333333333333700, 0.2886751345948129200, 0.3333333333333333700),
 ( 1.000000000000000000, 0.8660254037844387100, 1.000000000000000000, 0.8660254037844387100, 1.000000000000000000, 0.8660254037844387100, 1.000000000000000000, 0.8660254037844387100, 1.000000000000000000, 0.8660254037844387100, 1.000000000000000000, 0.8660254037844387100, 1.000000000000000000, 0.8660254037844387100, 1.000000000000000000, 0.8660254037844387100, 1.000000000000000000, 0.8660254037844387100, 1.000000000000000000, 0.8660254037844387100, 1.000000000000000000, 0.8660254037844387100, 1.000000000000000000, 0.8660254037844387100, 1.000000000000000000, 0.8660254037844387100, 1.000000000000000000, 0.8660254037844387100, 1.000000000000000000, 0.8660254037844387100, 1.000000000000000000, 0.8660254037844387100, 1.000000000000000000, 0.8660254037844387100, 1.000000000000000000, 0.8660254037844387100, 1.000000000000000000, 0.8660254037844387100, 1.000000000000000000, 0.8660254037844387100, 1.000000000000000000, 0.8660254037844387100, 1.000000000000000000, 0.8660254037844387100, 1.000000000000000000, 0.8660254037844387100, 1.000000000000000000, 0.8660254037844387100, 1.000000000000000000, 0.8660254037844387100, 1.000000000000000000, 0.8660254037844387100, 1.000000000000000000, 0.8660254037844387100, 1.000000000000000000, 0.8660254037844387100, 1.000000000000000000, 0.8660254037844387100, 1.000000000000000000, 0.8660254037844387100, 1.000000000000000000, 0.8660254037844387100, 1.000000000000000000, 0.8660254037844387100, 1.000000000000000000, 0.8660254037844387100, 1.000000000000000000, 0.8660254037844387100, 1.000000000000000000, 0.8660254037844387100, 1.000000000000000000, 0.8660254037844387100, 1.000000000000000000, 0.8660254037844387100, 1.000000000000000000, 0.8660254037844387100, 1.000000000000000000, 0.8660254037844387100, 1.000000000000000000, 0.8660254037844387100, 1.000000000000000000, 0.8660254037844387100, 1.000000000000000000, 0.8660254037844387100, 1.000000000000000000, 0.8660254037844387100, 1.000000000000000000, 0.8660254037844387100, 1.000000000000000000, 0.8660254037844387100, 1.000000000000000000, 0.8660254037844387100, 1.000000000000000000, 0.8660254037844387100, 1.000000000000000000, 0.8660254037844387100, 1.000000000000000000) ) ) 
 REPRESENTATION_ITEM ( '' )  SURFACE ( )  );
#1124 = CARTESIAN_POINT ( 'NONE',  ( -0.07149739006238049800, -0.08150000000000001700, 0.0001978440105634513700 ) ) ;
#1125 = CARTESIAN_POINT ( 'NONE',  ( -0.01916927660428598800, 0.05557866206086376600, 0.09666075452724762200 ) ) ;
#1126 = CARTESIAN_POINT ( 'NONE',  ( -0.07683072339571382600, 0.04807866206086557800, -0.08367037347047999500 ) ) ;
#1127 = CARTESIAN_POINT ( 'NONE',  ( -0.08883072339571379500, -0.09661422529275628900, -0.05551645696623559000 ) ) ;
#1128 = CARTESIAN_POINT ( 'NONE',  ( -0.07383594327095255300, -0.1113857747072424700, -0.06457239902520872700 ) ) ;
#1129 = CARTESIAN_POINT ( 'NONE',  ( -0.1101640567290470800, 0.09638577470724371500, -0.05591214498736221700 ) ) ;
#1130 = CARTESIAN_POINT ( 'NONE',  ( -0.1034973900623804300, -0.08150000000000001700, 0.0001978440105634513700 ) ) ;
#1131 = CARTESIAN_POINT ( 'NONE',  ( -0.1018359432709524900, -0.04842133793913609000, 0.08347252945991572000 ) ) ;
#1132 = CARTESIAN_POINT ( 'NONE',  ( -8.003460918938271100E-019, -0.09650000000000001600, -1.050162452764645100E-015 ) ) ;
#1133 = CARTESIAN_POINT ( 'NONE',  ( -0.07149739006238049800, -0.09650000000000001600, 0.0001978440105632882500 ) ) ;
#1134 = CARTESIAN_POINT ( 'NONE',  ( -0.007497390062380634100, -0.1115000000000000200, 0.0001978440105631251300 ) ) ;
#1135 = CARTESIAN_POINT ( 'NONE',  ( -0.09416405672904713800, 0.08138577470724364700, -0.04725189094951799700 ) ) ;
#1136 = CARTESIAN_POINT ( 'NONE',  ( -0.08749739006238048400, -0.08150000000000001700, 0.0001978440105634513700 ) ) ;
#1137 = CARTESIAN_POINT ( 'NONE',  ( -0.09783594327095249100, 0.09638577470724259100, 0.05591214498736416700 ) ) ;
#1138 = CARTESIAN_POINT ( 'NONE',  ( -0.06850260993761922400, -0.0002284505855150382800, 0.1287491100292865500 ) ) ;
#1139 = ORIENTED_EDGE ( 'NONE', *, *, #1001, .T. ) ;
#1140 = CARTESIAN_POINT ( 'NONE',  ( -0.04483072339571388100, 0.04057866206086544600, -0.07067999241371350500 ) ) ;
#1141 = CARTESIAN_POINT ( 'NONE',  ( -0.07549739006238048700, -0.0002284505855127334000, -0.09410809387790901300 ) ) ;
#1142 = CARTESIAN_POINT ( 'NONE',  ( -0.1098359432709524900, 0.05592133793913627700, -0.09646291051668221000 ) ) ;
#1143 = CARTESIAN_POINT ( 'NONE',  ( -0.02349739006238060100, -0.1115000000000000200, 0.0001978440105631251300 ) ) ;
#1144 = CARTESIAN_POINT ( 'NONE',  ( -0.06083072339571385400, 0.04057866206086544600, -0.07067999241371350500 ) ) ;
#1145 = DIRECTION ( 'NONE',  ( -0.9996520083174170700, 0.0000000000000000000, -0.02637920140858221100 ) ) ;
#1146 = CARTESIAN_POINT ( 'NONE',  ( -0.009835943270952666300, -0.08138577470724267500, -0.04725189094951964100 ) ) ;
#1147 = CARTESIAN_POINT ( 'NONE',  ( -0.07516927660428587800, -0.05557866206086371100, -0.09666075452724765000 ) ) ;
#1148 = PLANE ( 'NONE',  #831 ) ;
#1149 = CARTESIAN_POINT ( 'NONE',  ( -0.05916927660428591300, -0.05557866206086371100, -0.09666075452724765000 ) ) ;
#1150 = CARTESIAN_POINT ( 'NONE',  ( -0.07549739006238048700, -0.0002284505855127334000, -0.09410809387790901300 ) ) ;
#1151 = CARTESIAN_POINT ( 'NONE',  ( 0.004830723395713971400, -0.04057866206086400300, -0.07067999241371433800 ) ) ;
#1152 = CARTESIAN_POINT ( 'NONE',  ( -0.08450260993761918300, -0.0002284505855150382800, 0.1287491100292865500 ) ) ;
#1153 = DIRECTION ( 'NONE',  ( 0.02637920140857320100, -1.087899301893680000E-014, 0.9996520083174174100 ) ) ;
#1154 = CARTESIAN_POINT ( 'NONE',  ( -0.08483072339571382000, -0.05557866206086566100, 0.09666075452724652600 ) ) ;
#1155 = CARTESIAN_POINT ( 'NONE',  ( -0.08883072339571379500, -0.08161422529275637300, -0.04685620292839103700 ) ) ;
#1156 = CARTESIAN_POINT ( 'NONE',  ( 0.003497390062380640500, 0.0002284505855146793500, -0.09410809387790901300 ) ) ;
#1157 = CALENDAR_DATE ( 2023, 3, 2 ) ;
#1158 = CARTESIAN_POINT ( 'NONE',  ( -0.05783594327095258800, -0.1113857747072424700, -0.06457239902520872700 ) ) ;
#1159 = ORIENTED_EDGE ( 'NONE', *, *, #1001, .F. ) ;
#1160 = CARTESIAN_POINT ( 'NONE',  ( -0.02216405672904726800, -0.09638577470724368800, 0.05591214498736223800 ) ) ;
#1161 = CARTESIAN_POINT ( 'NONE',  ( -0.09283072339571379900, 0.05557866206086570900, -0.09666075452724649800 ) ) ;
#1162 = CARTESIAN_POINT ( 'NONE',  ( -0.02583594327095263500, -0.08138577470724267500, -0.04725189094951964100 ) ) ;
#1163 = CARTESIAN_POINT ( 'NONE',  ( -0.1472817911188105700, 0.09649999999991605600, 0.7495411622275096600 ) ) ;
#1164 = CARTESIAN_POINT ( 'NONE',  ( -0.007169276604286003600, -0.08161422529275734500, 0.04685620292838939300 ) ) ;
#1165 = CARTESIAN_POINT ( 'NONE',  ( -0.04183594327095260800, -0.1113857747072424700, -0.06457239902520872700 ) ) ;
#1166 = CARTESIAN_POINT ( 'NONE',  ( -0.09283072339571378500, 0.04807866206086557800, -0.08367037347047999500 ) ) ;
#1167 = CARTESIAN_POINT ( 'NONE',  ( -0.06883072339571384700, -0.05557866206086566100, 0.09666075452724652600 ) ) ;
#1168 = CARTESIAN_POINT ( 'NONE',  ( -0.1194973900623804000, -0.08150000000000001700, 0.0001978440105634513700 ) ) ;
#1169 = APPROVAL ( #1072, 'UNSPECIFIED' ) ;
#1170 = CARTESIAN_POINT ( 'NONE',  ( -0.05283072339571387400, -0.04807866206086553600, 0.08367037347048002200 ) ) ;
#1171 = CARTESIAN_POINT ( 'NONE',  ( -0.01783594327095264600, 0.08138577470724270300, 0.04725189094951961300 ) ) ;
#1172 = CARTESIAN_POINT ( 'NONE',  ( -0.05816405672904718900, -0.05592133793913427900, -0.09646291051668333400 ) ) ;
#1173 = CARTESIAN_POINT ( 'NONE',  ( -0.007497390062380630700, -0.09650000000000001600, 0.0001978440105632488100 ) ) ;
#1174 = CARTESIAN_POINT ( 'NONE',  ( -0.1061640567290470900, -0.04842133793913441800, -0.08347252945991669200 ) ) ;
#1175 = CARTESIAN_POINT ( 'NONE',  ( -0.07283072339571383700, -0.1116142252927561800, -0.06417671100408012300 ) ) ;
#1176 = CARTESIAN_POINT ( 'NONE',  ( -0.01383594327095265800, 0.04092133793913600700, -0.07048214840314920300 ) ) ;
#1177 = CARTESIAN_POINT ( 'NONE',  ( -0.01949739006238060100, 0.0002284505855125597900, 0.1114286019535977900 ) ) ;
#1178 = CARTESIAN_POINT ( 'NONE',  ( -0.07650260993761919000, 0.0002284505855146793500, -0.09410809387790901300 ) ) ;
#1179 = CARTESIAN_POINT ( 'NONE',  ( -0.01949739006238059700, 0.0002284505855127448900, 0.09410809387790901300 ) ) ;
#1180 = CARTESIAN_POINT ( 'NONE',  ( -0.08349739006238048000, 0.0002284505855123745300, 0.1287491100292865500 ) ) ;
#1181 = CARTESIAN_POINT ( 'NONE',  ( -0.05416405672904720700, -0.09638577470724368800, 0.05591214498736223800 ) ) ;
#1182 = CARTESIAN_POINT ( 'NONE',  ( -0.09816405672904710000, 0.04842133793913445300, 0.08347252945991667800 ) ) ;
#1183 = CARTESIAN_POINT ( 'NONE',  ( -0.04083072339571389800, -0.1116142252927561800, -0.06417671100408012300 ) ) ;
#1184 = CARTESIAN_POINT ( 'NONE',  ( -0.1154973900623804100, 0.0002284505855127448900, 0.09410809387790901300 ) ) ;
#1185 = ORIENTED_EDGE ( 'NONE', *, *, #1099, .F. ) ;
#1186 = CARTESIAN_POINT ( 'NONE',  ( -0.06216405672904718600, 0.09638577470724371500, -0.05591214498736221700 ) ) ;
#1187 = CARTESIAN_POINT ( 'NONE',  ( -0.1018359432709524900, -0.04092133793913597200, 0.07048214840314923100 ) ) ;
#1188 = CARTESIAN_POINT ( 'NONE',  ( -0.1354973900623803500, -0.09650000000000001600, 0.0001978440105632882500 ) ) ;
#1189 = CARTESIAN_POINT ( 'NONE',  ( -0.07916927660428586800, 0.09661422529275741400, -0.05551645696623361300 ) ) ;
#1190 = CARTESIAN_POINT ( 'NONE',  ( -0.08483072339571382000, -0.05557866206086566100, 0.09666075452724652600 ) ) ;
#1191 = CARTESIAN_POINT ( 'NONE',  ( -0.07283072339571383700, -0.09661422529275627600, -0.05551645696623559000 ) ) ;
#1192 = CARTESIAN_POINT ( 'NONE',  ( -0.1328307233957137000, -0.05557866206086566100, 0.09666075452724652600 ) ) ;
#1193 = CARTESIAN_POINT ( 'NONE',  ( -0.1114973900623804200, 0.08150000000000001700, -0.0001978440105634613700 ) ) ;
#1194 = DIRECTION ( 'NONE',  ( 0.9996520083174174100, 0.0000000000000000000, 0.02637920140857322500 ) ) ;
#1195 = CARTESIAN_POINT ( 'NONE',  ( -0.009835943270952666300, -0.09638577470724257700, -0.05591214498736418700 ) ) ;
#1196 = CARTESIAN_POINT ( 'NONE',  ( -0.05250260993761923800, -0.0002284505855148530700, 0.1114286019535977900 ) ) ;
#1197 = CARTESIAN_POINT ( 'NONE',  ( -0.02083072339571394300, -0.05557866206086566100, 0.09666075452724652600 ) ) ;
#1198 = AXIS2_PLACEMENT_3D ( 'NONE', #459, #582, #1560 ) ;
#1199 = CARTESIAN_POINT ( 'NONE',  ( -0.06349739006238051800, 0.09650000000000001600, -0.0001978440105633000700 ) ) ;
#1200 = CARTESIAN_POINT ( 'NONE',  ( -0.02083072339571393600, -0.04807866206086553600, 0.08367037347048002200 ) ) ;
#1201 = CARTESIAN_POINT ( 'NONE',  ( -0.05916927660428591300, -0.04057866206086400300, -0.07067999241371433800 ) ) ;
#1202 = CARTESIAN_POINT ( 'NONE',  ( -0.1111692766042858000, 0.08161422529275735900, -0.04685620292838939300 ) ) ;
#1203 = CARTESIAN_POINT ( 'NONE',  ( -0.004502609937619346200, -0.0002284505855148530700, 0.1114286019535977900 ) ) ;
#1204 = CARTESIAN_POINT ( 'NONE',  ( -0.06616405672904719600, 0.05592133793913432000, 0.09646291051668333400 ) ) ;
#1205 = CARTESIAN_POINT ( 'NONE',  ( -0.07149739006238049800, -0.09650000000000001600, 0.0001978440105632882500 ) ) ;
#1206 = CARTESIAN_POINT ( 'NONE',  ( -0.06316927660428588200, 0.08161422529275735900, -0.04685620292838939300 ) ) ;
#1207 = CARTESIAN_POINT ( 'NONE',  ( -0.01116927660428600000, -0.04807866206086386400, -0.08367037347048099400 ) ) ;
#1208 = CARTESIAN_POINT ( 'NONE',  ( -0.03116927660428597100, 0.09661422529275741400, -0.05551645696623361300 ) ) ;
#1209 = CARTESIAN_POINT ( 'NONE',  ( -0.1181640567290470800, -0.1113857747072438100, 0.06457239902520645100 ) ) ;
#1210 = LINE ( 'NONE', #902, #1419 ) ;
#1211 = CARTESIAN_POINT ( 'NONE',  ( -0.1261640567290473500, 0.09638577470725473400, -0.05591214498735590900 ) ) ;
#1212 = AXIS2_PLACEMENT_3D ( 'NONE', #870, #319, #36 ) ;
#1213 = CARTESIAN_POINT ( 'NONE',  ( -0.09250260993761914900, 0.0002284505855146793500, -0.09410809387790901300 ) ) ;
#1214 = CIRCLE ( 'NONE', #1286, 0.007500000000000012700 ) ;
#1215 = CARTESIAN_POINT ( 'NONE',  ( -0.06850260993761921000, -0.0002284505855148530400, 0.1114286019535977900 ) ) ;
#1216 = CARTESIAN_POINT ( 'NONE',  ( -0.01250260993761933200, 0.0002284505855148667000, -0.1114286019535977900 ) ) ;
#1217 = CARTESIAN_POINT ( 'NONE',  ( -0.1328307233957137000, -0.05557866206086566100, 0.09666075452724652600 ) ) ;
#1218 = CARTESIAN_POINT ( 'NONE',  ( -0.06450260993761922100, 0.08150000000000001700, 0.0001978440105651366800 ) ) ;
#1219 = CARTESIAN_POINT ( 'NONE',  ( -0.08583594327095252200, -0.04842133793913609000, 0.08347252945991572000 ) ) ;
#1220 = CARTESIAN_POINT ( 'NONE',  ( -0.03149739006238058000, 0.09650000000000001600, -0.0001978440105633000700 ) ) ;
#1221 = CARTESIAN_POINT ( 'NONE',  ( -0.03816405672904723400, -0.09638577470724370200, 0.05591214498736223800 ) ) ;
#1222 = AXIS2_PLACEMENT_3D ( 'NONE', #839, #695, #1108 ) ;
#1223 = CARTESIAN_POINT ( 'NONE',  ( -0.06050260993761923100, 0.0002284505855146793500, -0.09410809387790901300 ) ) ;
#1224 = CARTESIAN_POINT ( 'NONE',  ( -0.03783594327095261100, -0.04842133793913609000, 0.08347252945991572000 ) ) ;
#1225 = CARTESIAN_POINT ( 'NONE',  ( -0.01149739006238062300, -0.0002284505855125460800, -0.1114286019535977900 ) ) ;
#1226 = CARTESIAN_POINT ( 'NONE',  ( -0.1221640567290470900, -0.05592133793913427900, -0.09646291051668333400 ) ) ;
#1227 = CARTESIAN_POINT ( 'NONE',  ( -0.04716927660428593000, 0.09661422529275742700, -0.05551645696623362000 ) ) ;
#1228 = CARTESIAN_POINT ( 'NONE',  ( -0.1341640567290470800, -0.1113857747072438100, 0.06457239902520645100 ) ) ;
#1229 = CARTESIAN_POINT ( 'NONE',  ( -0.04850260993761925500, 0.09650000000000001600, 0.0001978440105652979800 ) ) ;
#1230 = CARTESIAN_POINT ( 'NONE',  ( -0.01283072339571395200, 0.04807866206086557800, -0.08367037347047999500 ) ) ;
#1231 = EDGE_LOOP ( 'NONE', ( #1466, #1491, #986, #1159 ) ) ;
#1232 = CARTESIAN_POINT ( 'NONE',  ( -0.1101640567290470800, 0.09638577470724371500, -0.05591214498736221700 ) ) ;
#1233 = PERSON_AND_ORGANIZATION_ROLE ( 'creator' ) ;
#1234 = CARTESIAN_POINT ( 'NONE',  ( -0.05250260993761924500, -0.0002284505855148530400, 0.1114286019535977900 ) ) ;
#1235 = CARTESIAN_POINT ( 'NONE',  ( -0.06616405672904718300, 0.04842133793913445300, 0.08347252945991667800 ) ) ;
#1236 = CARTESIAN_POINT ( 'NONE',  ( -0.09516927660428582700, 0.09661422529275742700, -0.05551645696623362000 ) ) ;
#1237 = CARTESIAN_POINT ( 'NONE',  ( -0.03949739006238056600, -0.09650000000000001600, 0.0001978440105632882500 ) ) ;
#1238 = CARTESIAN_POINT ( 'NONE',  ( -0.09416405672904711000, 0.09638577470724371500, -0.05591214498736221700 ) ) ;
#1239 = APPLICATION_PROTOCOL_DEFINITION ( 'international standard', 'config_control_design', 1994, #666 ) ;
#1240 = CARTESIAN_POINT ( 'NONE',  ( -0.06583594327095256000, 0.09638577470724259100, 0.05591214498736416700 ) ) ;
#1241 = CARTESIAN_POINT ( 'NONE',  ( -0.02349739006238059400, -0.09650000000000001600, 0.0001978440105632882500 ) ) ;
#1242 = CARTESIAN_POINT ( 'NONE',  ( -0.1085026099376191500, 0.0002284505855148666800, -0.1114286019535977900 ) ) ;
#1243 = CARTESIAN_POINT ( 'NONE',  ( -0.09250260993761917600, 0.0002284505855148667000, -0.1114286019535977900 ) ) ;
#1244 = CARTESIAN_POINT ( 'NONE',  ( -0.02883072339571391900, 0.04057866206086544600, -0.07067999241371350500 ) ) ;
#1245 = CARTESIAN_POINT ( 'NONE',  ( -0.04749739006238055900, 0.09650000000000001600, -0.0001978440105633000700 ) ) ;
#1246 = CC_DESIGN_APPROVAL ( #1700, ( #798 ) ) ;
#1247 = CARTESIAN_POINT ( 'NONE',  ( -0.01783594327095265300, 0.09638577470724259100, 0.05591214498736416700 ) ) ;
#1248 = CARTESIAN_POINT ( 'NONE',  ( -0.04183594327095260800, -0.1113857747072424700, -0.06457239902520872700 ) ) ;
#1249 = CARTESIAN_POINT ( 'NONE',  ( -0.1141640567290470900, 0.04842133793913445300, 0.08347252945991667800 ) ) ;
#1250 = CARTESIAN_POINT ( 'NONE',  ( -0.1274973900623803900, 0.09650000000000001600, -0.0001978440105633000700 ) ) ;
#1251 = CARTESIAN_POINT ( 'NONE',  ( -0.03116927660428596400, 0.09661422529275742700, -0.05551645696623362000 ) ) ;
#1252 = APPROVAL_PERSON_ORGANIZATION ( #1053, #1169, #262 ) ;
#1253 = CARTESIAN_POINT ( 'NONE',  ( -0.01783594327095264600, 0.1113857747072424900, 0.06457239902520871300 ) ) ;
#1254 = ORIENTED_EDGE ( 'NONE', *, *, #414, .T. ) ;
#1255 = CARTESIAN_POINT ( 'NONE',  ( -0.1061640567290470900, -0.04842133793913441800, -0.08347252945991669200 ) ) ;
#1256 = EDGE_CURVE ( 'NONE', #1726, #1572, #1442, .T. ) ;
#1257 = CARTESIAN_POINT ( 'NONE',  ( -0.05949739006238052900, -0.0002284505855125460800, -0.1114286019535977900 ) ) ;
#1258 = CARTESIAN_POINT ( 'NONE',  ( -0.09916927660428583000, 0.04807866206086389800, 0.08367037347048098000 ) ) ;
#1259 = CARTESIAN_POINT ( 'NONE',  ( -0.1208307233957137300, -0.09661422529275628900, -0.05551645696623559000 ) ) ;
#1260 = CARTESIAN_POINT ( 'NONE',  ( 0.006164056729047296700, -0.1113857747072424700, -0.06457239902520872700 ) ) ;
#1261 = CARTESIAN_POINT ( 'NONE',  ( -0.1008307233957137800, -0.04807866206086553600, 0.08367037347048002200 ) ) ;
#1262 = CARTESIAN_POINT ( 'NONE',  ( -0.05416405672904720000, -0.08138577470724363300, 0.04725189094951801100 ) ) ;
#1263 = CARTESIAN_POINT ( 'NONE',  ( -0.09250260993761919000, 0.0002284505855148666800, -0.1114286019535977900 ) ) ;
#1264 = CARTESIAN_POINT ( 'NONE',  ( -0.08349739006238046700, 0.0002284505855125597900, 0.1114286019535977900 ) ) ;
#1265 = CARTESIAN_POINT ( 'NONE',  ( -0.1165026099376191300, -0.0002284505855148530400, 0.1114286019535977900 ) ) ;
#1266 = CARTESIAN_POINT ( 'NONE',  ( -0.07816405672904715200, 0.09638577470724371500, -0.05591214498736221700 ) ) ;
#1267 = CARTESIAN_POINT ( 'NONE',  ( -0.07949739006238047700, 0.08150000000000001700, -0.0001978440105634613700 ) ) ;
#1268 = CC_DESIGN_DATE_AND_TIME_ASSIGNMENT ( #642, #104, ( #798 ) ) ;
#1269 = CARTESIAN_POINT ( 'NONE',  ( -0.02450260993761930700, -0.1115000000000000200, -0.0001978440105654729500 ) ) ;
#1270 = CARTESIAN_POINT ( 'NONE',  ( -0.08483072339571379200, -0.04807866206086553600, 0.08367037347048002200 ) ) ;
#1271 = CARTESIAN_POINT ( 'NONE',  ( -0.08183594327095254600, 0.1113857747072424900, 0.06457239902520871300 ) ) ;
#1272 = CARTESIAN_POINT ( 'NONE',  ( -0.1301640567290470500, 0.04842133793913445300, 0.08347252945991667800 ) ) ;
#1273 = CARTESIAN_POINT ( 'NONE',  ( -0.05816405672904719600, -0.04842133793913441800, -0.08347252945991669200 ) ) ;
#1274 = DATE_AND_TIME ( #943, #792 ) ;
#1275 = CARTESIAN_POINT ( 'NONE',  ( -0.1114973900623804200, 0.08150000000000001700, -0.0001978440105634613700 ) ) ;
#1276 = CARTESIAN_POINT ( 'NONE',  ( -0.02983594327095263200, 0.05592133793913627700, -0.09646291051668221000 ) ) ;
#1277 = CARTESIAN_POINT ( 'NONE',  ( -0.08483072339571379200, -0.04807866206086553600, 0.08367037347048002200 ) ) ;
#1278 = CARTESIAN_POINT ( 'NONE',  ( -0.1031692766042858200, -0.1116142252927575100, 0.06417671100407787400 ) ) ;
#1279 = CARTESIAN_POINT ( 'NONE',  ( -0.03683072339571390200, -0.04057866206086540400, 0.07067999241371353300 ) ) ;
#1280 = CARTESIAN_POINT ( 'NONE',  ( -0.08883072339571379500, -0.08161422529275637300, -0.04685620292839103700 ) ) ;
#1281 = CARTESIAN_POINT ( 'NONE',  ( -0.1071692766042858100, -0.04807866206086386400, -0.08367037347048099400 ) ) ;
#1282 = CARTESIAN_POINT ( 'NONE',  ( -0.08316927660428584400, 0.05557866206086376600, 0.09666075452724762200 ) ) ;
#1283 = CARTESIAN_POINT ( 'NONE',  ( -0.04083072339571389200, -0.08161422529275637300, -0.04685620292839103700 ) ) ;
#1284 = CARTESIAN_POINT ( 'NONE',  ( -0.1061640567290470800, -0.04092133793913456400, -0.07048214840315004900 ) ) ;
#1285 = CARTESIAN_POINT ( 'NONE',  ( -0.06583594327095256000, 0.1113857747072424900, 0.06457239902520871300 ) ) ;
#1286 = AXIS2_PLACEMENT_3D ( 'NONE', #862, #587, #1701 ) ;
#1287 = CARTESIAN_POINT ( 'NONE',  ( -0.02616405672904726200, -0.05592133793913427900, -0.09646291051668333400 ) ) ;
#1288 = CARTESIAN_POINT ( 'NONE',  ( -0.07016405672904717200, -0.08138577470724363300, 0.04725189094951801100 ) ) ;
#1289 = CARTESIAN_POINT ( 'NONE',  ( -0.03116927660428595700, 0.08161422529275735900, -0.04685620292838939300 ) ) ;
#1290 = CARTESIAN_POINT ( 'NONE',  ( -0.08050260993761919300, 0.1115000000000000200, 0.0001978440105654593400 ) ) ;
#1291 = CARTESIAN_POINT ( 'NONE',  ( -0.06583594327095256000, 0.1113857747072424900, 0.06457239902520871300 ) ) ;
#1292 = ORGANIZATION ( 'UNSPECIFIED', 'UNSPECIFIED', '' ) ;
#1293 = CARTESIAN_POINT ( 'NONE',  ( -0.04216405672904722400, -0.04092133793913456400, -0.07048214840315004900 ) ) ;
#1294 = CIRCLE ( 'NONE', #1563, 0.007500000000000000600 ) ;
#1295 = CARTESIAN_POINT ( 'NONE',  ( -0.1234973900623804000, -0.0002284505855127334000, -0.09410809387790901300 ) ) ;
#1296 = CARTESIAN_POINT ( 'NONE',  ( -0.1058359432709524600, -0.1113857747072424700, -0.06457239902520872700 ) ) ;
#1297 = DIRECTION ( 'NONE',  ( -0.02637920140857320100, 1.087899301893679800E-014, -0.9996520083174174100 ) ) ;
#1298 = CARTESIAN_POINT ( 'NONE',  ( -0.07816405672904713800, 0.1113857747072438100, -0.06457239902520645100 ) ) ;
#1299 = CARTESIAN_POINT ( 'NONE',  ( -0.03816405672904723400, -0.08138577470724363300, 0.04725189094951801100 ) ) ;
#1300 = AXIS2_PLACEMENT_3D ( 'NONE', #1629, #797, #659 ) ;
#1301 = CARTESIAN_POINT ( 'NONE',  ( -0.0005026099376193506500, 0.08150000000000001700, 0.0001978440105651366800 ) ) ;
#1302 = CARTESIAN_POINT ( 'NONE',  ( -0.06983594327095255000, -0.05592133793913622900, 0.09646291051668223800 ) ) ;
#1303 = CARTESIAN_POINT ( 'NONE',  ( -0.01016405672904729100, -0.04842133793913441800, -0.08347252945991669200 ) ) ;
#1304 = CARTESIAN_POINT ( 'NONE',  ( -0.1008307233957138100, -0.05557866206086566100, 0.09666075452724652600 ) ) ;
#1305 = CARTESIAN_POINT ( 'NONE',  ( -0.009835943270952666300, -0.08138577470724267500, -0.04725189094951964100 ) ) ;
#1306 = CARTESIAN_POINT ( 'NONE',  ( -0.03549739006238057000, 0.0002284505855125597900, 0.1114286019535977900 ) ) ;
#1307 = CARTESIAN_POINT ( 'NONE',  ( -0.01116927660428599700, -0.04057866206086400300, -0.07067999241371433800 ) ) ;
#1308 = CARTESIAN_POINT ( 'NONE',  ( -0.07283072339571383700, -0.1116142252927561800, -0.06417671100408012300 ) ) ;
#1309 = CARTESIAN_POINT ( 'NONE',  ( -0.04749739006238055900, 0.09650000000000001600, -0.0001978440105633000700 ) ) ;
#1310 = CARTESIAN_POINT ( 'NONE',  ( -0.07949739006238050500, 0.1115000000000000200, -0.0001978440105631387700 ) ) ;
#1311 = CARTESIAN_POINT ( 'NONE',  ( -0.1341640567290470500, -0.08138577470724363300, 0.04725189094951801100 ) ) ;
#1312 = PLANE ( 'NONE',  #1584 ) ;
#1313 = CARTESIAN_POINT ( 'NONE',  ( -0.04983594327095258000, 0.08138577470724270300, 0.04725189094951961300 ) ) ;
#1314 = CARTESIAN_POINT ( 'NONE',  ( -0.05683072339571386400, -0.1116142252927561800, -0.06417671100408012300 ) ) ;
#1315 = CARTESIAN_POINT ( 'NONE',  ( -0.01416405672904728200, 0.09638577470724372900, -0.05591214498736221000 ) ) ;
#1316 = CARTESIAN_POINT ( 'NONE',  ( -0.1101640567290470800, 0.09638577470724371500, -0.05591214498736221700 ) ) ;
#1317 = CARTESIAN_POINT ( 'NONE',  ( -0.04616405672904720000, 0.1113857747072438100, -0.06457239902520645100 ) ) ;
#1318 = CARTESIAN_POINT ( 'NONE',  ( -0.1021640567290471000, -0.08138577470724363300, 0.04725189094951801100 ) ) ;
#1319 = CARTESIAN_POINT ( 'NONE',  ( -0.03949739006238056600, -0.09650000000000001600, 0.0001978440105632882500 ) ) ;
#1320 = CARTESIAN_POINT ( 'NONE',  ( -0.07116927660428588900, -0.08161422529275734500, 0.04685620292838939300 ) ) ;
#1321 = CARTESIAN_POINT ( 'NONE',  ( -0.01016405672904729400, -0.05592133793913427900, -0.09646291051668333400 ) ) ;
#1322 = CARTESIAN_POINT ( 'NONE',  ( -0.1034973900623804300, -0.09650000000000001600, 0.0001978440105632882500 ) ) ;
#1323 = CARTESIAN_POINT ( 'NONE',  ( -0.04749739006238055900, 0.1115000000000000200, -0.0001978440105631387700 ) ) ;
#1324 = CARTESIAN_POINT ( 'NONE',  ( -0.1288307233957137200, 0.08161422529275638700, 0.04685620292839103000 ) ) ;
#1325 = CARTESIAN_POINT ( 'NONE',  ( -0.06483072339571384300, 0.09661422529275630300, 0.05551645696623556300 ) ) ;
#1326 = CARTESIAN_POINT ( 'NONE',  ( 0.0008307233957139759200, 0.09661422529275742700, -0.05551645696623362000 ) ) ;
#1327 = CARTESIAN_POINT ( 'NONE',  ( -0.04050260993761926900, -0.09650000000000001600, -0.0001978440105653098000 ) ) ;
#1328 = CARTESIAN_POINT ( 'NONE',  ( -0.08616405672904715900, -0.1113857747072438100, 0.06457239902520645100 ) ) ;
#1329 = CARTESIAN_POINT ( 'NONE',  ( -0.06483072339571385700, 0.09661422529275630300, 0.05551645696623557600 ) ) ;
#1330 = CARTESIAN_POINT ( 'NONE',  ( -0.02749739006238058700, -0.0002284505855125460800, -0.1114286019535977900 ) ) ;
#1331 = CARTESIAN_POINT ( 'NONE',  ( 0.006164056729047301900, -0.08138577470724267500, -0.04725189094951964100 ) ) ;
#1332 = CARTESIAN_POINT ( 'NONE',  ( -0.1354973900623803500, -0.09650000000000001600, 0.0001978440105632882500 ) ) ;
#1333 = CARTESIAN_POINT ( 'NONE',  ( -0.09516927660428584100, 0.08161422529275735900, -0.04685620292838939300 ) ) ;
#1334 = CARTESIAN_POINT ( 'NONE',  ( -0.03250260993761929600, 0.09650000000000001600, 0.0001978440105652979800 ) ) ;
#1335 = CARTESIAN_POINT ( 'NONE',  ( -0.02216405672904726800, -0.1113857747072438100, 0.06457239902520645100 ) ) ;
#1336 = CARTESIAN_POINT ( 'NONE',  ( -0.09549739006238044900, 0.09650000000000001600, -0.0001978440105633000700 ) ) ;
#1337 = CARTESIAN_POINT ( 'NONE',  ( -0.06183594327095256300, 0.04092133793913600700, -0.07048214840314920300 ) ) ;
#1338 = CARTESIAN_POINT ( 'NONE',  ( -0.1138359432709524400, 0.08138577470724270300, 0.04725189094951961300 ) ) ;
#1339 = CARTESIAN_POINT ( 'NONE',  ( -0.01516927660428599000, 0.09661422529275741400, -0.05551645696623361300 ) ) ;
#1340 = CARTESIAN_POINT ( 'NONE',  ( -0.1141640567290471000, 0.05592133793913432000, 0.09646291051668333400 ) ) ;
#1341 = CARTESIAN_POINT ( 'NONE',  ( -0.1168307233957137400, -0.04807866206086553600, 0.08367037347048002200 ) ) ;
#1342 = CARTESIAN_POINT ( 'NONE',  ( -0.05516927660428590900, -0.08161422529275734500, 0.04685620292838939300 ) ) ;
#1343 = CARTESIAN_POINT ( 'NONE',  ( -0.07916927660428584000, 0.08161422529275735900, -0.04685620292838939300 ) ) ;
#1344 = CARTESIAN_POINT ( 'NONE',  ( -0.05383594327095257700, -0.04842133793913609000, 0.08347252945991572000 ) ) ;
#1345 = ADVANCED_FACE ( 'NONE', ( #1771 ), #1123, .T. ) ;
#1346 = CARTESIAN_POINT ( 'NONE',  ( -0.02749739006238058700, -0.0002284505855125460800, -0.1114286019535977900 ) ) ;
#1347 = CARTESIAN_POINT ( 'NONE',  ( -0.09683072339571377500, 0.09661422529275630300, 0.05551645696623557600 ) ) ;
#1348 = CARTESIAN_POINT ( 'NONE',  ( -0.09650260993761916600, 0.08150000000000001700, 0.0001978440105651366800 ) ) ;
#1349 = CARTESIAN_POINT ( 'NONE',  ( -0.09116927660428583700, -0.04807866206086386400, -0.08367037347048099400 ) ) ;
#1350 = CARTESIAN_POINT ( 'NONE',  ( -0.03650260993761927900, -0.0002284505855148530700, 0.1114286019535977900 ) ) ;
#1351 = CARTESIAN_POINT ( 'NONE',  ( -0.01816405672904727500, 0.04842133793913445300, 0.08347252945991667800 ) ) ;
#1352 =( NAMED_UNIT ( * ) PLANE_ANGLE_UNIT ( ) SI_UNIT ( $, .RADIAN. ) );
#1353 = CARTESIAN_POINT ( 'NONE',  ( -0.1045026099376191500, -0.08150000000000001700, -0.0001978440105651466300 ) ) ;
#1354 = CARTESIAN_POINT ( 'NONE',  ( -0.05383594327095257700, -0.04842133793913609000, 0.08347252945991572000 ) ) ;
#1355 = CARTESIAN_POINT ( 'NONE',  ( -0.01683072339571394300, 0.09661422529275630300, 0.05551645696623556300 ) ) ;
#1356 = CARTESIAN_POINT ( 'NONE',  ( -0.04483072339571388800, 0.04807866206086557800, -0.08367037347047999500 ) ) ;
#1357 = PERSON_AND_ORGANIZATION ( #864, #1292 ) ;
#1358 = CARTESIAN_POINT ( 'NONE',  ( -0.06983594327095253600, -0.04092133793913597200, 0.07048214840314923100 ) ) ;
#1359 = CARTESIAN_POINT ( 'NONE',  ( -0.04749739006238055900, 0.09650000000000001600, -0.0001978440105633000700 ) ) ;
#1360 = ORIENTED_EDGE ( 'NONE', *, *, #1677, .F. ) ;
#1361 = CARTESIAN_POINT ( 'NONE',  ( -0.07650260993761919000, 0.0002284505855148666800, -0.1114286019535977900 ) ) ;
#1362 = VERTEX_POINT ( 'NONE', #199 ) ;
#1363 = CARTESIAN_POINT ( 'NONE',  ( -0.04349739006238056300, -0.0002284505855125460800, -0.1114286019535977900 ) ) ;
#1364 = CARTESIAN_POINT ( 'NONE',  ( -0.008830723395713960300, -0.09661422529275628900, -0.05551645696623559000 ) ) ;
#1365 = CARTESIAN_POINT ( 'NONE',  ( -0.06050260993761922400, 0.0002284505855148666800, -0.1114286019535977900 ) ) ;
#1366 = CARTESIAN_POINT ( 'NONE',  ( -0.02216405672904726800, -0.09638577470724370200, 0.05591214498736223800 ) ) ;
#1367 = CARTESIAN_POINT ( 'NONE',  ( -0.03516927660428595400, 0.04807866206086389800, 0.08367037347048098000 ) ) ;
#1368 = CARTESIAN_POINT ( 'NONE',  ( -0.1071692766042858100, -0.04807866206086386400, -0.08367037347048099400 ) ) ;
#1369 = CARTESIAN_POINT ( 'NONE',  ( -0.09283072339571378500, 0.04807866206086557800, -0.08367037347047999500 ) ) ;
#1370 = APPROVAL_STATUS ( 'not_yet_approved' ) ;
#1371 = CARTESIAN_POINT ( 'NONE',  ( -0.01916927660428598500, 0.04807866206086389800, 0.08367037347048098000 ) ) ;
#1372 = CARTESIAN_POINT ( 'NONE',  ( -0.1234973900623804000, -0.0002284505855123587500, -0.1287491100292865500 ) ) ;
#1373 = CARTESIAN_POINT ( 'NONE',  ( -0.02716927660428596800, -0.04807866206086386400, -0.08367037347048099400 ) ) ;
#1374 = CARTESIAN_POINT ( 'NONE',  ( -0.02483072339571392600, -0.09661422529275628900, -0.05551645696623559000 ) ) ;
#1375 = CARTESIAN_POINT ( 'NONE',  ( -0.06749739006238050800, 0.0002284505855125597900, 0.1114286019535977900 ) ) ;
#1376 = CARTESIAN_POINT ( 'NONE',  ( -0.06983594327095253600, -0.04842133793913609000, 0.08347252945991572000 ) ) ;
#1377 = CARTESIAN_POINT ( 'NONE',  ( -0.1154973900623804100, 0.0002284505855123745300, 0.1287491100292865500 ) ) ;
#1378 = CARTESIAN_POINT ( 'NONE',  ( -0.02716927660428596800, -0.05557866206086371100, -0.09666075452724765000 ) ) ;
#1379 = CARTESIAN_POINT ( 'NONE',  ( -0.02616405672904725800, -0.04842133793913441800, -0.08347252945991669200 ) ) ;
#1380 = APPROVAL_DATE_TIME ( #512, #1169 ) ;
#1381 = CARTESIAN_POINT ( 'NONE',  ( -0.08749739006238047000, -0.09650000000000001600, 0.0001978440105632882500 ) ) ;
#1382 = CARTESIAN_POINT ( 'NONE',  ( -0.03916927660428593700, -0.09661422529275742700, 0.05551645696623364000 ) ) ;
#1383 = CARTESIAN_POINT ( 'NONE',  ( -0.1328307233957137000, -0.04807866206086553600, 0.08367037347048002200 ) ) ;
#1384 = CARTESIAN_POINT ( 'NONE',  ( -0.04983594327095258000, 0.1113857747072424900, 0.06457239902520871300 ) ) ;
#1385 = CARTESIAN_POINT ( 'NONE',  ( -0.06083072339571386100, 0.04807866206086557800, -0.08367037347047999500 ) ) ;
#1386 = CARTESIAN_POINT ( 'NONE',  ( -0.1301640567290470500, 0.04842133793913445300, 0.08347252945991667800 ) ) ;
#1387 = CARTESIAN_POINT ( 'NONE',  ( -0.1165026099376191300, -0.0002284505855148530400, 0.1114286019535977900 ) ) ;
#1388 = CARTESIAN_POINT ( 'NONE',  ( -0.07149739006238049800, -0.09650000000000001600, 0.0001978440105632882500 ) ) ;
#1389 = CARTESIAN_POINT ( 'NONE',  ( 0.007497390062380627200, -0.1115000000000000200, -0.0001978440105654729500 ) ) ;
#1390 = CARTESIAN_POINT ( 'NONE',  ( -0.1128307233957137500, 0.09661422529275630300, 0.05551645696623556300 ) ) ;
#1391 = CARTESIAN_POINT ( 'NONE',  ( -0.02749739006238058700, -0.0002284505855127334000, -0.09410809387790901300 ) ) ;
#1392 = CARTESIAN_POINT ( 'NONE',  ( -0.07416405672904716200, -0.04842133793913441800, -0.08347252945991669200 ) ) ;
#1393 = CARTESIAN_POINT ( 'NONE',  ( -0.1058359432709524800, -0.09638577470724257700, -0.05591214498736418700 ) ) ;
#1394 = CARTESIAN_POINT ( 'NONE',  ( -0.1088307233957137400, 0.04807866206086557800, -0.08367037347047999500 ) ) ;
#1395 = CARTESIAN_POINT ( 'NONE',  ( -0.004502609937619348800, -0.0002284505855150382800, 0.1287491100292865500 ) ) ;
#1396 = CARTESIAN_POINT ( 'NONE',  ( -0.1208307233957137300, -0.09661422529275628900, -0.05551645696623559000 ) ) ;
#1397 = CARTESIAN_POINT ( 'NONE',  ( -0.04883072339571387800, 0.08161422529275638700, 0.04685620292839103000 ) ) ;
#1398 = CARTESIAN_POINT ( 'NONE',  ( -0.1138359432709524600, 0.09638577470724259100, 0.05591214498736416700 ) ) ;
#1399 = CARTESIAN_POINT ( 'NONE',  ( -0.1261640567290470400, 0.09638577470724371500, -0.05591214498736221700 ) ) ;
#1400 = CIRCLE ( 'NONE', #50, 0.007500000000000012700 ) ;
#1401 = CARTESIAN_POINT ( 'NONE',  ( -0.1058359432709524800, -0.09638577470724257700, -0.05591214498736418700 ) ) ;
#1402 = LINE ( 'NONE', #979, #180 ) ;
#1403 = CARTESIAN_POINT ( 'NONE',  ( -0.09549739006238044900, 0.09650000000000001600, -0.0001978440105633000700 ) ) ;
#1404 = AXIS2_PLACEMENT_3D ( 'NONE', #1132, #1552, #26 ) ;
#1405 = CARTESIAN_POINT ( 'NONE',  ( -0.1101640567290471000, 0.08138577470724364700, -0.04725189094951799700 ) ) ;
#1406 = CARTESIAN_POINT ( 'NONE',  ( -0.08850260993761918700, -0.09650000000000001600, -0.0001978440105653098000 ) ) ;
#1407 = CARTESIAN_POINT ( 'NONE',  ( -0.1048307233957137500, -0.09661422529275628900, -0.05551645696623559000 ) ) ;
#1408 = CARTESIAN_POINT ( 'NONE',  ( -0.1098359432709524900, 0.05592133793913627700, -0.09646291051668221000 ) ) ;
#1409 = CARTESIAN_POINT ( 'NONE',  ( -0.06616405672904718300, 0.04842133793913445300, 0.08347252945991667800 ) ) ;
#1410 = CARTESIAN_POINT ( 'NONE',  ( -0.07283072339571383700, -0.08161422529275637300, -0.04685620292839103700 ) ) ;
#1411 = CARTESIAN_POINT ( 'NONE',  ( -0.009835943270952673300, -0.1113857747072424700, -0.06457239902520872700 ) ) ;
#1412 = CARTESIAN_POINT ( 'NONE',  ( -0.01149739006238062500, -0.0002284505855123587500, -0.1287491100292865500 ) ) ;
#1413 = CARTESIAN_POINT ( 'NONE',  ( -0.03949739006238055900, -0.08150000000000001700, 0.0001978440105634513700 ) ) ;
#1414 = CARTESIAN_POINT ( 'NONE',  ( -0.09149739006238044600, -0.0002284505855127334000, -0.09410809387790901300 ) ) ;
#1415 = CARTESIAN_POINT ( 'NONE',  ( -0.06183594327095256300, 0.05592133793913627700, -0.09646291051668221000 ) ) ;
#1416 = CARTESIAN_POINT ( 'NONE',  ( -0.1045026099376191500, -0.1115000000000000200, -0.0001978440105654729500 ) ) ;
#1417 = CARTESIAN_POINT ( 'NONE',  ( -0.03283072339571390500, 0.08161422529275638700, 0.04685620292839103000 ) ) ;
#1418 = CARTESIAN_POINT ( 'NONE',  ( -0.05683072339571385000, -0.08161422529275637300, -0.04685620292839103700 ) ) ;
#1419 = VECTOR ( 'NONE', #249, 39.37007874015748100 ) ;
#1420 = CARTESIAN_POINT ( 'NONE',  ( -0.08716927660428584700, -0.1116142252927575100, 0.06417671100407787400 ) ) ;
#1421 = CARTESIAN_POINT ( 'NONE',  ( -0.07250260993761922800, -0.1115000000000000200, -0.0001978440105654729500 ) ) ;
#1422 = CARTESIAN_POINT ( 'NONE',  ( -0.07283072339571383700, -0.08161422529275637300, -0.04685620292839103700 ) ) ;
#1423 = CARTESIAN_POINT ( 'NONE',  ( -0.05383594327095257700, -0.04092133793913597200, 0.07048214840314923100 ) ) ;
#1424 = CARTESIAN_POINT ( 'NONE',  ( -0.08316927660428584400, 0.05557866206086376600, 0.09666075452724762200 ) ) ;
#1425 = CARTESIAN_POINT ( 'NONE',  ( -0.01149739006238061900, -0.0002284505855125461000, -0.1114286019535977900 ) ) ;
#1426 = CARTESIAN_POINT ( 'NONE',  ( -0.06450260993761923500, 0.1115000000000000200, 0.0001978440105654593400 ) ) ;
#1427 = CARTESIAN_POINT ( 'NONE',  ( -0.01283072339571394800, 0.04057866206086544600, -0.07067999241371350500 ) ) ;
#1428 = CARTESIAN_POINT ( 'NONE',  ( -0.1208307233957137400, -0.08161422529275637300, -0.04685620292839103700 ) ) ;
#1429 = CARTESIAN_POINT ( 'NONE',  ( -0.1165026099376191400, -0.0002284505855150382800, 0.1287491100292865500 ) ) ;
#1430 = CARTESIAN_POINT ( 'NONE',  ( 0.01978440105642990600, -0.09650000000000817600, 0.7497390062380621100 ) ) ;
#1431 = CARTESIAN_POINT ( 'NONE',  ( -0.1101640567290471000, 0.1113857747072438100, -0.06457239902520645100 ) ) ;
#1432 = CARTESIAN_POINT ( 'NONE',  ( -0.04749739006238053900, 0.08150000000000001700, -0.0001978440105634613700 ) ) ;
#1433 = CARTESIAN_POINT ( 'NONE',  ( -0.02050260993761930300, -0.0002284505855146678600, 0.09410809387790901300 ) ) ;
#1434 = CARTESIAN_POINT ( 'NONE',  ( -0.08983594327095251200, -0.1113857747072424700, -0.06457239902520872700 ) ) ;
#1435 = CARTESIAN_POINT ( 'NONE',  ( -0.02349739006238059400, -0.09650000000000001600, 0.0001978440105632882500 ) ) ;
#1436 = CARTESIAN_POINT ( 'NONE',  ( -0.03016405672904725100, 0.1113857747072438100, -0.06457239902520645100 ) ) ;
#1437 = CIRCLE ( 'NONE', #1404, 0.007500000000000000600 ) ;
#1438 = CARTESIAN_POINT ( 'NONE',  ( -0.02316927660428597400, -0.08161422529275734500, 0.04685620292838939300 ) ) ;
#1439 = ORIENTED_EDGE ( 'NONE', *, *, #1677, .T. ) ;
#1440 = DIRECTION ( 'NONE',  ( 0.02637920140857320400, -1.087899301893680000E-014, 0.9996520083174175200 ) ) ;
#1441 = CARTESIAN_POINT ( 'NONE',  ( 0.002164056729047310100, 0.04092133793913600700, -0.07048214840314920300 ) ) ;
#1442 =( BOUNDED_CURVE ( )  B_SPLINE_CURVE ( 2, ( #297, #996, #21, #908, #1065, #238, #772, #71, #514, #1203, #784, #1736, #1060, #97, #495, #1216, #922, #1339, #503, #228, #1743, #927, #233, #377, #790, #1611, #779, #1070, #367, #1208, #1334, #362, #915, #1350, #651, #1484, #1327, #632, #520, #86, #1478, #221, #1472, #79, #1758, #1196, #1344, #639, #1051, #372, #1464, #1490, #1604, #1752, #1623, #656, #508, #646, #764, #1763, #1616, #91, #931, #1044, #214, #1189, #354, #543, #400, #1793, #663, #958, #795, #267, #125, #1243, #1782, #948, #936, #260, #1769, #537, #670, #1638, #675, #1645, #1368, #1627, #1787, #102, #1080 ),
 .UNSPECIFIED., .F., .T. ) 
 B_SPLINE_CURVE_WITH_KNOTS ( ( 3, 2, 2, 2, 2, 2, 2, 2, 2, 2, 2, 2, 2, 2, 2, 2, 2, 2, 2, 2, 2, 2, 2, 2, 2, 2, 2, 2, 2, 2, 2, 2, 2, 2, 2, 2, 2, 2, 2, 2, 2, 2, 2, 2, 2, 3 ),
 ( 0.0000000000000000000, 0.02083333333333342200, 0.04166666666666684500, 0.06250000000000027800, 0.08333333333333369000, 0.1041666666666671300, 0.1250000000000005600, 0.1458333333333339800, 0.1666666666666673800, 0.1875000000000008300, 0.2083333333333342600, 0.2291666666666676800, 0.2500000000000011100, 0.2708333333333345400, 0.2916666666666679600, 0.3125000000000013900, 0.3333333333333347600, 0.3541666666666682400, 0.3750000000000016700, 0.3958333333333350400, 0.4166666666666685200, 0.4375000000000018900, 0.4583333333333353700, 0.4791666666666687900, 0.5000000000000022200, 0.5208333333333355900, 0.5416666666666690700, 0.5625000000000024400, 0.5833333333333359200, 0.6041666666666692900, 0.6250000000000027800, 0.6458333333333361500, 0.6666666666666695200, 0.6875000000000030000, 0.7083333333333364800, 0.7291666666666698500, 0.7500000000000033300, 0.7708333333333368100, 0.7916666666666700700, 0.8125000000000035500, 0.8333333333333370300, 0.8541666666666702900, 0.8750000000000037700, 0.8958333333333372600, 0.9166666666666707400, 0.9375000000000041100 ),
 .UNSPECIFIED. ) 
 CURVE ( )  GEOMETRIC_REPRESENTATION_ITEM ( )  RATIONAL_B_SPLINE_CURVE ( ( 1.000000000000000000, 0.8660254037844387100, 1.000000000000000000, 0.8660254037844387100, 1.000000000000000000, 0.8660254037844387100, 1.000000000000000000, 0.8660254037844387100, 1.000000000000000000, 0.8660254037844387100, 1.000000000000000000, 0.8660254037844387100, 1.000000000000000000, 0.8660254037844387100, 1.000000000000000000, 0.8660254037844387100, 1.000000000000000000, 0.8660254037844387100, 1.000000000000000000, 0.8660254037844387100, 1.000000000000000000, 0.8660254037844387100, 1.000000000000000000, 0.8660254037844387100, 1.000000000000000000, 0.8660254037844387100, 1.000000000000000000, 0.8660254037844387100, 1.000000000000000000, 0.8660254037844387100, 1.000000000000000000, 0.8660254037844387100, 1.000000000000000000, 0.8660254037844387100, 1.000000000000000000, 0.8660254037844387100, 1.000000000000000000, 0.8660254037844387100, 1.000000000000000000, 0.8660254037844387100, 1.000000000000000000, 0.8660254037844387100, 1.000000000000000000, 0.8660254037844387100, 1.000000000000000000, 0.8660254037844387100, 1.000000000000000000, 0.8660254037844387100, 1.000000000000000000, 0.8660254037844387100, 1.000000000000000000, 0.8660254037844387100, 1.000000000000000000, 0.8660254037844387100, 1.000000000000000000, 0.8660254037844387100, 1.000000000000000000, 0.8660254037844387100, 1.000000000000000000, 0.8660254037844387100, 1.000000000000000000, 0.8660254037844387100, 1.000000000000000000, 0.8660254037844387100, 1.000000000000000000, 0.8660254037844387100, 1.000000000000000000, 0.8660254037844387100, 1.000000000000000000, 0.8660254037844387100, 1.000000000000000000, 0.8660254037844387100, 1.000000000000000000, 0.8660254037844387100, 1.000000000000000000, 0.8660254037844387100, 1.000000000000000000, 0.8660254037844387100, 1.000000000000000000, 0.8660254037844387100, 1.000000000000000000, 0.8660254037844387100, 1.000000000000000000, 0.8660254037844387100, 1.000000000000000000, 0.8660254037844387100, 1.000000000000000000, 0.8660254037844387100, 1.000000000000000000, 0.8660254037844122800, 1.000000000000026400 ) ) 
 REPRESENTATION_ITEM ( '' )  );
#1443 = CARTESIAN_POINT ( 'NONE',  ( -0.04483072339571388100, 0.05557866206086570900, -0.09666075452724649800 ) ) ;
#1444 = CARTESIAN_POINT ( 'NONE',  ( -0.03683072339571390200, -0.04807866206086553600, 0.08367037347048002200 ) ) ;
#1445 = CARTESIAN_POINT ( 'NONE',  ( -0.08349739006238048000, 0.0002284505855123745300, 0.1287491100292865500 ) ) ;
#1446 = CARTESIAN_POINT ( 'NONE',  ( -0.1301640567290470500, 0.04092133793913459200, 0.07048214840315002200 ) ) ;
#1447 = CC_DESIGN_PERSON_AND_ORGANIZATION_ASSIGNMENT ( #1357, #396, ( #699 ) ) ;
#1448 = CARTESIAN_POINT ( 'NONE',  ( -0.04749739006238055900, 0.09650000000000001600, -0.0001978440105633000700 ) ) ;
#1449 = CARTESIAN_POINT ( 'NONE',  ( -0.02316927660428597400, -0.08161422529275734500, 0.04685620292838939300 ) ) ;
#1450 = CARTESIAN_POINT ( 'NONE',  ( -0.01016405672904728700, -0.04092133793913456400, -0.07048214840315004900 ) ) ;
#1451 = ADVANCED_FACE ( 'NONE', ( #705 ), #1148, .T. ) ;
#1452 = CARTESIAN_POINT ( 'NONE',  ( -0.03016405672904725100, 0.1113857747072438100, -0.06457239902520645100 ) ) ;
#1453 = CARTESIAN_POINT ( 'NONE',  ( -0.1128307233957137500, 0.09661422529275630300, 0.05551645696623556300 ) ) ;
#1454 = CARTESIAN_POINT ( 'NONE',  ( -0.08883072339571380900, -0.1116142252927561800, -0.06417671100408012300 ) ) ;
#1455 = CARTESIAN_POINT ( 'NONE',  ( -0.1034973900623804300, -0.08150000000000001700, 0.0001978440105634513700 ) ) ;
#1456 = CARTESIAN_POINT ( 'NONE',  ( -0.04616405672904722700, 0.09638577470724371500, -0.05591214498736221700 ) ) ;
#1457 = CARTESIAN_POINT ( 'NONE',  ( -0.1151692766042858000, 0.04057866206086403100, 0.07067999241371432400 ) ) ;
#1458 = CARTESIAN_POINT ( 'NONE',  ( -0.05016405672904721700, 0.05592133793913432000, 0.09646291051668333400 ) ) ;
#1459 = CARTESIAN_POINT ( 'NONE',  ( -0.06749739006238050800, 0.0002284505855125597900, 0.1114286019535977900 ) ) ;
#1460 = CARTESIAN_POINT ( 'NONE',  ( -0.06749739006238052200, 0.0002284505855123745300, 0.1287491100292865500 ) ) ;
#1461 = CARTESIAN_POINT ( 'NONE',  ( -0.001835943270952681800, 0.08138577470724270300, 0.04725189094951961300 ) ) ;
#1462 = CARTESIAN_POINT ( 'NONE',  ( -0.03283072339571391200, 0.09661422529275630300, 0.05551645696623556300 ) ) ;
#1463 = CARTESIAN_POINT ( 'NONE',  ( -0.1178359432709524400, -0.04092133793913597200, 0.07048214840314923100 ) ) ;
#1464 = CARTESIAN_POINT ( 'NONE',  ( -0.05916927660428589900, -0.04807866206086386400, -0.08367037347048099400 ) ) ;
#1465 = CARTESIAN_POINT ( 'NONE',  ( -0.08883072339571380900, -0.1116142252927561800, -0.06417671100408012300 ) ) ;
#1466 = ORIENTED_EDGE ( 'NONE', *, *, #1256, .F. ) ;
#1467 = CARTESIAN_POINT ( 'NONE',  ( -0.1154973900623804000, 0.0002284505855125597900, 0.1114286019535977900 ) ) ;
#1468 = CARTESIAN_POINT ( 'NONE',  ( -0.03683072339571390200, -0.04807866206086553600, 0.08367037347048002200 ) ) ;
#1469 = CARTESIAN_POINT ( 'NONE',  ( -0.07916927660428584000, 0.08161422529275735900, -0.04685620292838939300 ) ) ;
#1470 = CARTESIAN_POINT ( 'NONE',  ( -0.01283072339571395200, 0.04807866206086557800, -0.08367037347047999500 ) ) ;
#1471 = CARTESIAN_POINT ( 'NONE',  ( -0.08716927660428584700, -0.08161422529275734500, 0.04685620292838939300 ) ) ;
#1472 = CARTESIAN_POINT ( 'NONE',  ( -0.04850260993761925500, 0.09650000000000001600, 0.0001978440105652979800 ) ) ;
#1473 = CARTESIAN_POINT ( 'NONE',  ( -0.03683072339571390900, -0.05557866206086566100, 0.09666075452724652600 ) ) ;
#1474 = AXIS2_PLACEMENT_3D ( 'NONE', #189, #599, #1145 ) ;
#1475 = CARTESIAN_POINT ( 'NONE',  ( -0.08216405672904714100, 0.04842133793913445300, 0.08347252945991667800 ) ) ;
#1476 = CARTESIAN_POINT ( 'NONE',  ( -0.06850260993761921000, -0.0002284505855146678600, 0.09410809387790901300 ) ) ;
#1477 = CARTESIAN_POINT ( 'NONE',  ( -0.08850260993761918700, -0.08150000000000001700, -0.0001978440105651466300 ) ) ;
#1478 = CARTESIAN_POINT ( 'NONE',  ( -0.04583594327095259800, 0.04842133793913613200, -0.08347252945991569300 ) ) ;
#1479 = CARTESIAN_POINT ( 'NONE',  ( -0.09549739006238046300, 0.1115000000000000200, -0.0001978440105631387700 ) ) ;
#1480 = CARTESIAN_POINT ( 'NONE',  ( -0.1234973900623803900, -0.0002284505855125461000, -0.1114286019535977900 ) ) ;
#1481 = CARTESIAN_POINT ( 'NONE',  ( -0.07650260993761919000, 0.0002284505855146793500, -0.09410809387790901300 ) ) ;
#1482 = ADVANCED_FACE ( 'NONE', ( #330 ), #965, .T. ) ;
#1483 = CARTESIAN_POINT ( 'NONE',  ( -0.06050260993761923100, 0.0002284505855146793500, -0.09410809387790901300 ) ) ;
#1484 = CARTESIAN_POINT ( 'NONE',  ( -0.03916927660428595100, -0.09661422529275741400, 0.05551645696623364000 ) ) ;
#1485 = CARTESIAN_POINT ( 'NONE',  ( -0.03416405672904724400, 0.04842133793913445300, 0.08347252945991667800 ) ) ;
#1486 = CARTESIAN_POINT ( 'NONE',  ( -0.1048307233957137700, -0.09661422529275627600, -0.05551645696623559000 ) ) ;
#1487 = CARTESIAN_POINT ( 'NONE',  ( -0.05116927660428592000, 0.04057866206086403100, 0.07067999241371432400 ) ) ;
#1488 = LOCAL_TIME ( 10, 58, 55.00000000000000000, #48 ) ;
#1489 = CARTESIAN_POINT ( 'NONE',  ( -0.03116927660428596400, 0.09661422529275742700, -0.05551645696623362000 ) ) ;
#1490 = CARTESIAN_POINT ( 'NONE',  ( -0.06050260993761923100, 0.0002284505855148667000, -0.1114286019535977900 ) ) ;
#1491 = ORIENTED_EDGE ( 'NONE', *, *, #596, .F. ) ;
#1492 = CARTESIAN_POINT ( 'NONE',  ( -0.02483072339571392600, -0.09661422529275628900, -0.05551645696623559000 ) ) ;
#1493 = DATE_TIME_ROLE ( 'creation_date' ) ;
#1494 = CARTESIAN_POINT ( 'NONE',  ( -0.1058359432709524600, -0.08138577470724267500, -0.04725189094951964100 ) ) ;
#1495 = CARTESIAN_POINT ( 'NONE',  ( -0.02983594327095262900, 0.04842133793913613200, -0.08347252945991569300 ) ) ;
#1496 = CARTESIAN_POINT ( 'NONE',  ( -0.03416405672904724400, 0.04842133793913445300, 0.08347252945991667800 ) ) ;
#1497 = CARTESIAN_POINT ( 'NONE',  ( -0.04083072339571389800, -0.09661422529275628900, -0.05551645696623559000 ) ) ;
#1498 = MECHANICAL_CONTEXT ( 'NONE', #1092, 'mechanical' ) ;
#1499 = CARTESIAN_POINT ( 'NONE',  ( -0.04316927660428592600, -0.04807866206086386400, -0.08367037347048099400 ) ) ;
#1500 = CARTESIAN_POINT ( 'NONE',  ( -0.05283072339571387400, -0.04807866206086553600, 0.08367037347048002200 ) ) ;
#1501 = CARTESIAN_POINT ( 'NONE',  ( -0.02050260993761931400, -0.0002284505855148530400, 0.1114286019535977900 ) ) ;
#1502 = CARTESIAN_POINT ( 'NONE',  ( -0.04749739006238055900, 0.09650000000000001600, -0.0001978440105633000700 ) ) ;
#1503 = CARTESIAN_POINT ( 'NONE',  ( -0.007497390062380629800, -0.09650000000000001600, 0.0001978440105632882500 ) ) ;
#1504 = CARTESIAN_POINT ( 'NONE',  ( -0.03650260993761927900, -0.0002284505855148530400, 0.1114286019535977900 ) ) ;
#1505 = CARTESIAN_POINT ( 'NONE',  ( -0.03816405672904723400, -0.09638577470724370200, 0.05591214498736223800 ) ) ;
#1506 = CARTESIAN_POINT ( 'NONE',  ( -0.02850260993761930000, 0.0002284505855148666800, -0.1114286019535977900 ) ) ;
#1507 = CARTESIAN_POINT ( 'NONE',  ( -0.05149739006238054200, 0.0002284505855125597900, 0.1114286019535977900 ) ) ;
#1508 = CARTESIAN_POINT ( 'NONE',  ( -0.09016405672904713500, -0.04842133793913441800, -0.08347252945991669200 ) ) ;
#1509 = APPROVAL_DATE_TIME ( #743, #1700 ) ;
#1510 = DIRECTION ( 'NONE',  ( 1.000000000000000000, 0.0000000000000000000, 0.0000000000000000000 ) ) ;
#1511 = CARTESIAN_POINT ( 'NONE',  ( -0.02450260993761930700, -0.09650000000000001600, -0.0001978440105653098000 ) ) ;
#1512 = CARTESIAN_POINT ( 'NONE',  ( -0.1301640567290470500, 0.05592133793913432000, 0.09646291051668333400 ) ) ;
#1513 = VERTEX_POINT ( 'NONE', #340 ) ;
#1514 = CARTESIAN_POINT ( 'NONE',  ( -0.06716927660428588500, 0.04807866206086389800, 0.08367037347048098000 ) ) ;
#1515 = CARTESIAN_POINT ( 'NONE',  ( -0.02349739006238059400, -0.09650000000000001600, 0.0001978440105632882500 ) ) ;
#1516 = CARTESIAN_POINT ( 'NONE',  ( -0.1141640567290470900, 0.04842133793913445300, 0.08347252945991667800 ) ) ;
#1517 = CARTESIAN_POINT ( 'NONE',  ( -0.07116927660428587500, -0.09661422529275742700, 0.05551645696623364000 ) ) ;
#1518 = CARTESIAN_POINT ( 'NONE',  ( -0.008830723395713960300, -0.09661422529275628900, -0.05551645696623559000 ) ) ;
#1519 = CARTESIAN_POINT ( 'NONE',  ( -0.04716927660428593700, 0.1116142252927575100, -0.06417671100407783300 ) ) ;
#1520 = CARTESIAN_POINT ( 'NONE',  ( -0.02883072339571391900, 0.04807866206086557800, -0.08367037347047999500 ) ) ;
#1521 = CARTESIAN_POINT ( 'NONE',  ( -0.05416405672904721400, -0.09638577470724370200, 0.05591214498736223800 ) ) ;
#1522 = CARTESIAN_POINT ( 'NONE',  ( -0.07250260993761921400, -0.09650000000000001600, -0.0001978440105653098000 ) ) ;
#1523 = CARTESIAN_POINT ( 'NONE',  ( -0.1128307233957137500, 0.09661422529275630300, 0.05551645696623556300 ) ) ;
#1524 = CARTESIAN_POINT ( 'NONE',  ( -0.007169276604286009700, -0.1116142252927575100, 0.06417671100407787400 ) ) ;
#1525 = CARTESIAN_POINT ( 'NONE',  ( -0.1034973900623804300, -0.09650000000000001600, 0.0001978440105632882500 ) ) ;
#1526 = CARTESIAN_POINT ( 'NONE',  ( -0.1221640567290470500, -0.04842133793913441800, -0.08347252945991669200 ) ) ;
#1527 = CARTESIAN_POINT ( 'NONE',  ( -0.07283072339571383700, -0.09661422529275628900, -0.05551645696623559000 ) ) ;
#1528 = CARTESIAN_POINT ( 'NONE',  ( -0.003169276604286017900, 0.05557866206086376600, 0.09666075452724762200 ) ) ;
#1529 = CARTESIAN_POINT ( 'NONE',  ( -0.09549739006238044900, 0.09650000000000001600, -0.0001978440105633000700 ) ) ;
#1530 = CARTESIAN_POINT ( 'NONE',  ( -0.003169276604286017900, 0.05557866206086376600, 0.09666075452724762200 ) ) ;
#1531 = CARTESIAN_POINT ( 'NONE',  ( -0.05549739006238053900, -0.09650000000000001600, 0.0001978440105632882500 ) ) ;
#1532 = PERSON_AND_ORGANIZATION ( #864, #1292 ) ;
#1533 = CARTESIAN_POINT ( 'NONE',  ( -0.08083072339571381600, 0.09661422529275630300, 0.05551645696623556300 ) ) ;
#1534 = FACE_OUTER_BOUND ( 'NONE', #1027, .T. ) ;
#1535 = CARTESIAN_POINT ( 'NONE',  ( -0.1125026099376191400, 0.09650000000000001600, 0.0001978440105652979800 ) ) ;
#1536 = CARTESIAN_POINT ( 'NONE',  ( -0.1341640567290470500, -0.09638577470724370200, 0.05591214498736223800 ) ) ;
#1537 = CARTESIAN_POINT ( 'NONE',  ( -0.07283072339571383700, -0.09661422529275628900, -0.05551645696623559000 ) ) ;
#1538 = CARTESIAN_POINT ( 'NONE',  ( -0.05116927660428592700, 0.05557866206086376600, 0.09666075452724762200 ) ) ;
#1539 = CARTESIAN_POINT ( 'NONE',  ( -0.1234973900623803900, -0.0002284505855125460800, -0.1114286019535977900 ) ) ;
#1540 = CARTESIAN_POINT ( 'NONE',  ( -0.09283072339571378500, 0.04057866206086544600, -0.07067999241371350500 ) ) ;
#1541 = CARTESIAN_POINT ( 'NONE',  ( 0.002164056729047304400, 0.05592133793913627700, -0.09646291051668221000 ) ) ;
#1542 = CARTESIAN_POINT ( 'NONE',  ( -0.1008307233957137800, -0.04807866206086553600, 0.08367037347048002200 ) ) ;
#1543 = CARTESIAN_POINT ( 'NONE',  ( -0.1018359432709524900, -0.04842133793913609000, 0.08347252945991572000 ) ) ;
#1544 = CARTESIAN_POINT ( 'NONE',  ( -0.1074973900623804300, -0.0002284505855125460800, -0.1114286019535977900 ) ) ;
#1545 = CARTESIAN_POINT ( 'NONE',  ( -0.09549739006238043600, 0.08150000000000001700, -0.0001978440105634613700 ) ) ;
#1546 = CARTESIAN_POINT ( 'NONE',  ( -0.02583594327095263900, -0.1113857747072424700, -0.06457239902520872700 ) ) ;
#1547 = CARTESIAN_POINT ( 'NONE',  ( -0.07016405672904717200, -0.09638577470724370200, 0.05591214498736223800 ) ) ;
#1548 = CARTESIAN_POINT ( 'NONE',  ( -0.1178359432709524500, -0.05592133793913622900, 0.09646291051668223800 ) ) ;
#1549 = CARTESIAN_POINT ( 'NONE',  ( -0.05683072339571385000, -0.08161422529275637300, -0.04685620292839103700 ) ) ;
#1550 = CARTESIAN_POINT ( 'NONE',  ( -0.06483072339571384300, 0.08161422529275638700, 0.04685620292839103000 ) ) ;
#1551 = CARTESIAN_POINT ( 'NONE',  ( 0.004830723395713966200, -0.05557866206086371100, -0.09666075452724765000 ) ) ;
#1552 = DIRECTION ( 'NONE',  ( 0.02637920140857320400, -1.087899301893680000E-014, 0.9996520083174175200 ) ) ;
#1553 = CARTESIAN_POINT ( 'NONE',  ( -0.01683072339571394700, 0.1116142252927561800, 0.06417671100408009500 ) ) ;
#1554 = ORIENTED_EDGE ( 'NONE', *, *, #314, .F. ) ;
#1555 = CARTESIAN_POINT ( 'NONE',  ( -0.04616405672904720000, 0.08138577470724364700, -0.04725189094951799700 ) ) ;
#1556 = CARTESIAN_POINT ( 'NONE',  ( -0.04483072339571388100, 0.04057866206086544600, -0.07067999241371350500 ) ) ;
#1557 = CARTESIAN_POINT ( 'NONE',  ( -0.04316927660428593300, -0.05557866206086371100, -0.09666075452724765000 ) ) ;
#1558 = CARTESIAN_POINT ( 'NONE',  ( -0.1205026099376191000, -0.1115000000000000200, -0.0001978440105654729500 ) ) ;
#1559 = CARTESIAN_POINT ( 'NONE',  ( -0.05416405672904720000, -0.08138577470724363300, 0.04725189094951801100 ) ) ;
#1560 = DIRECTION ( 'NONE',  ( -0.9996520083174174100, 2.276539994720221100E-015, -0.02637920140857322500 ) ) ;
#1561 = CARTESIAN_POINT ( 'NONE',  ( -0.03816405672904723400, -0.08138577470724363300, 0.04725189094951801100 ) ) ;
#1562 = CARTESIAN_POINT ( 'NONE',  ( -0.1111692766042858000, 0.1116142252927575100, -0.06417671100407783300 ) ) ;
#1563 = AXIS2_PLACEMENT_3D ( 'NONE', #337, #1440, #77 ) ;
#1564 = CARTESIAN_POINT ( 'NONE',  ( -0.05783594327095258800, -0.1113857747072424700, -0.06457239902520872700 ) ) ;
#1565 = CARTESIAN_POINT ( 'NONE',  ( -0.02883072339571391900, 0.04057866206086544600, -0.07067999241371350500 ) ) ;
#1566 = CARTESIAN_POINT ( 'NONE',  ( 0.006164056729047301900, -0.08138577470724267500, -0.04725189094951964100 ) ) ;
#1567 = CARTESIAN_POINT ( 'NONE',  ( -0.09916927660428584400, 0.05557866206086376600, 0.09666075452724762200 ) ) ;
#1568 = CARTESIAN_POINT ( 'NONE',  ( -0.09116927660428585100, -0.05557866206086371100, -0.09666075452724765000 ) ) ;
#1569 = CARTESIAN_POINT ( 'NONE',  ( -0.08083072339571381600, 0.08161422529275638700, 0.04685620292839103000 ) ) ;
#1570 = CARTESIAN_POINT ( 'NONE',  ( 0.007497390062380632400, -0.08150000000000001700, -0.0001978440105651466300 ) ) ;
#1571 = CARTESIAN_POINT ( 'NONE',  ( -0.1178359432709524500, -0.05592133793913622900, 0.09646291051668223800 ) ) ;
#1572 = VERTEX_POINT ( 'NONE', #313 ) ;
#1573 = CARTESIAN_POINT ( 'NONE',  ( -0.03016405672904724800, 0.09638577470724372900, -0.05591214498736221000 ) ) ;
#1574 = CARTESIAN_POINT ( 'NONE',  ( -0.06483072339571384300, 0.1116142252927561800, 0.06417671100408009500 ) ) ;
#1575 = CARTESIAN_POINT ( 'NONE',  ( -0.005835943270952673200, -0.04092133793913597200, 0.07048214840314923100 ) ) ;
#1576 = CARTESIAN_POINT ( 'NONE',  ( -0.1314973900623803700, 0.0002284505855127448900, 0.09410809387790901300 ) ) ;
#1577 = CARTESIAN_POINT ( 'NONE',  ( -0.08850260993761918700, -0.1115000000000000200, -0.0001978440105654729500 ) ) ;
#1578 = CARTESIAN_POINT ( 'NONE',  ( -0.03949739006238056600, -0.09650000000000001600, 0.0001978440105632882500 ) ) ;
#1579 = CARTESIAN_POINT ( 'NONE',  ( -0.05683072339571386400, -0.1116142252927561800, -0.06417671100408012300 ) ) ;
#1580 = CARTESIAN_POINT ( 'NONE',  ( 0.0008307233957139792800, 0.08161422529275735900, -0.04685620292838939300 ) ) ;
#1581 = CARTESIAN_POINT ( 'NONE',  ( -0.01016405672904729100, -0.04842133793913441800, -0.08347252945991669200 ) ) ;
#1582 = CARTESIAN_POINT ( 'NONE',  ( -0.04050260993761927600, -0.08150000000000001700, -0.0001978440105651466300 ) ) ;
#1583 = CARTESIAN_POINT ( 'NONE',  ( -0.008830723395713965500, -0.1116142252927561800, -0.06417671100408012300 ) ) ;
#1584 = AXIS2_PLACEMENT_3D ( 'NONE', #777, #219, #1194 ) ;
#1585 = CARTESIAN_POINT ( 'NONE',  ( -0.09683072339571378900, 0.1116142252927561800, 0.06417671100408009500 ) ) ;
#1586 = CARTESIAN_POINT ( 'NONE',  ( -0.1354973900623803500, -0.08150000000000001700, 0.0001978440105634513700 ) ) ;
#1587 = ADVANCED_FACE ( 'NONE', ( #1698 ), #379, .T. ) ;
#1588 = CARTESIAN_POINT ( 'NONE',  ( 0.02728179111881053400, -0.09650000000000817600, 0.7495411622274977800 ) ) ;
#1589 = CARTESIAN_POINT ( 'NONE',  ( -0.02983594327095262900, 0.04092133793913600700, -0.07048214840314920300 ) ) ;
#1590 = CARTESIAN_POINT ( 'NONE',  ( -0.07549739006238048700, -0.0002284505855123587500, -0.1287491100292865500 ) ) ;
#1591 = DIRECTION ( 'NONE',  ( -0.9996520083174170700, 0.0000000000000000000, 0.02637920140858225600 ) ) ;
#1592 = CARTESIAN_POINT ( 'NONE',  ( -0.1181640567290470900, -0.09638577470724370200, 0.05591214498736223800 ) ) ;
#1593 = CARTESIAN_POINT ( 'NONE',  ( -0.06349739006238051800, 0.1115000000000000200, -0.0001978440105631387700 ) ) ;
#1594 = CARTESIAN_POINT ( 'NONE',  ( -0.02850260993761929600, 0.0002284505855146793500, -0.09410809387790901300 ) ) ;
#1595 = VERTEX_POINT ( 'NONE', #1007 ) ;
#1596 = CARTESIAN_POINT ( 'NONE',  ( -0.03149739006238058000, 0.09650000000000001600, -0.0001978440105633000700 ) ) ;
#1597 = CARTESIAN_POINT ( 'NONE',  ( -0.01383594327095266100, 0.04842133793913613200, -0.08347252945991569300 ) ) ;
#1598 = CARTESIAN_POINT ( 'NONE',  ( -0.01683072339571394700, 0.1116142252927561800, 0.06417671100408009500 ) ) ;
#1599 = CARTESIAN_POINT ( 'NONE',  ( -0.09949739006238042500, 0.0002284505855125597900, 0.1114286019535977900 ) ) ;
#1600 = CARTESIAN_POINT ( 'NONE',  ( -0.03416405672904724400, 0.05592133793913432000, 0.09646291051668333400 ) ) ;
#1601 = CARTESIAN_POINT ( 'NONE',  ( -0.03516927660428594700, 0.04057866206086403100, 0.07067999241371432400 ) ) ;
#1602 = CARTESIAN_POINT ( 'NONE',  ( -0.04349739006238056300, -0.0002284505855125460800, -0.1114286019535977900 ) ) ;
#1603 = CARTESIAN_POINT ( 'NONE',  ( -0.09250260993761914900, 0.0002284505855146793500, -0.09410809387790901300 ) ) ;
#1604 = CARTESIAN_POINT ( 'NONE',  ( -0.06183594327095255600, 0.04842133793913613200, -0.08347252945991569300 ) ) ;
#1605 = CARTESIAN_POINT ( 'NONE',  ( -0.03549739006238057700, 0.0002284505855123745300, 0.1287491100292865500 ) ) ;
#1606 = CARTESIAN_POINT ( 'NONE',  ( -0.08349739006238046700, 0.0002284505855125597900, 0.1114286019535977900 ) ) ;
#1607 = CARTESIAN_POINT ( 'NONE',  ( -0.01016405672904729100, -0.04842133793913441800, -0.08347252945991669200 ) ) ;
#1608 = CARTESIAN_POINT ( 'NONE',  ( -0.1125026099376191100, 0.08150000000000001700, 0.0001978440105651366800 ) ) ;
#1609 = CARTESIAN_POINT ( 'NONE',  ( -0.01149739006238062300, -0.0002284505855125460800, -0.1114286019535977900 ) ) ;
#1610 = CARTESIAN_POINT ( 'NONE',  ( -0.09116927660428580900, -0.04057866206086400300, -0.07067999241371433800 ) ) ;
#1611 = CARTESIAN_POINT ( 'NONE',  ( -0.02583594327095263900, -0.09638577470724257700, -0.05591214498736418700 ) ) ;
#1612 = CARTESIAN_POINT ( 'NONE',  ( -0.04349739006238056300, -0.0002284505855123587500, -0.1287491100292865500 ) ) ;
#1613 = CARTESIAN_POINT ( 'NONE',  ( -0.08616405672904713100, -0.09638577470724368800, 0.05591214498736223800 ) ) ;
#1614 = CARTESIAN_POINT ( 'NONE',  ( -0.07516927660428587800, -0.04057866206086400300, -0.07067999241371433800 ) ) ;
#1615 = CARTESIAN_POINT ( 'NONE',  ( -0.008502609937619337600, -0.09650000000000001600, -0.0001978440105653098000 ) ) ;
#1616 = CARTESIAN_POINT ( 'NONE',  ( -0.07250260993761921400, -0.09650000000000001600, -0.0001978440105653098000 ) ) ;
#1617 = CARTESIAN_POINT ( 'NONE',  ( -0.09149739006238044600, -0.0002284505855123587500, -0.1287491100292865500 ) ) ;
#1618 = COORDINATED_UNIVERSAL_TIME_OFFSET ( 6, 0, .BEHIND. ) ;
#1619 = CARTESIAN_POINT ( 'NONE',  ( -0.06216405672904717900, 0.09638577470724372900, -0.05591214498736221000 ) ) ;
#1620 = CARTESIAN_POINT ( 'NONE',  ( -0.03916927660428594400, -0.08161422529275734500, 0.04685620292838939300 ) ) ;
#1621 = CARTESIAN_POINT ( 'NONE',  ( -0.1248307233957137300, 0.04807866206086557800, -0.08367037347047999500 ) ) ;
#1622 = CARTESIAN_POINT ( 'NONE',  ( -0.06450260993761922100, 0.08150000000000001700, 0.0001978440105651366800 ) ) ;
#1623 = CARTESIAN_POINT ( 'NONE',  ( -0.06450260993761922100, 0.09650000000000001600, 0.0001978440105652979800 ) ) ;
#1624 = CARTESIAN_POINT ( 'NONE',  ( -0.04216405672904722400, -0.04842133793913441800, -0.08347252945991669200 ) ) ;
#1625 = CARTESIAN_POINT ( 'NONE',  ( -0.1005026099376191300, -0.0002284505855146678600, 0.09410809387790901300 ) ) ;
#1626 = CARTESIAN_POINT ( 'NONE',  ( -0.09783594327095249100, 0.09638577470724259100, 0.05591214498736416700 ) ) ;
#1627 = CARTESIAN_POINT ( 'NONE',  ( -0.1085026099376191500, 0.0002284505855148667000, -0.1114286019535977900 ) ) ;
#1628 = CARTESIAN_POINT ( 'NONE',  ( -0.02216405672904726800, -0.09638577470724370200, 0.05591214498736223800 ) ) ;
#1629 = CARTESIAN_POINT ( 'NONE',  ( 0.01978440105642990600, -0.09650000000000817600, 0.7497390062380621100 ) ) ;
#1630 = CARTESIAN_POINT ( 'NONE',  ( -0.1085026099376191600, 0.0002284505855146793500, -0.09410809387790901300 ) ) ;
#1631 = CARTESIAN_POINT ( 'NONE',  ( -0.02183594327095264900, -0.04842133793913609000, 0.08347252945991572000 ) ) ;
#1632 = CARTESIAN_POINT ( 'NONE',  ( -0.02749739006238058700, -0.0002284505855125460800, -0.1114286019535977900 ) ) ;
#1633 = CARTESIAN_POINT ( 'NONE',  ( -0.01416405672904728600, 0.09638577470724371500, -0.05591214498736221700 ) ) ;
#1634 = CARTESIAN_POINT ( 'NONE',  ( -0.02183594327095264900, -0.04842133793913609000, 0.08347252945991572000 ) ) ;
#1635 = CARTESIAN_POINT ( 'NONE',  ( -0.05416405672904721400, -0.09638577470724370200, 0.05591214498736223800 ) ) ;
#1636 = PERSON_AND_ORGANIZATION ( #864, #1292 ) ;
#1637 = CARTESIAN_POINT ( 'NONE',  ( -0.08183594327095253300, 0.09638577470724259100, 0.05591214498736416700 ) ) ;
#1638 = CARTESIAN_POINT ( 'NONE',  ( -0.1031692766042858300, -0.09661422529275741400, 0.05551645696623364000 ) ) ;
#1639 = CYLINDRICAL_SURFACE ( 'NONE', #1222, 0.007500000000000000600 ) ;
#1640 = CARTESIAN_POINT ( 'NONE',  ( -0.1248307233957137400, 0.05557866206086570900, -0.09666075452724649800 ) ) ;
#1641 = ORIENTED_EDGE ( 'NONE', *, *, #532, .F. ) ;
#1642 = CARTESIAN_POINT ( 'NONE',  ( -0.05783594327095257400, -0.09638577470724257700, -0.05591214498736418700 ) ) ;
#1643 = CARTESIAN_POINT ( 'NONE',  ( -0.05149739006238054200, 0.0002284505855125597900, 0.1114286019535977900 ) ) ;
#1644 = CARTESIAN_POINT ( 'NONE',  ( -0.07516927660428587800, -0.04807866206086386400, -0.08367037347048099400 ) ) ;
#1645 = CARTESIAN_POINT ( 'NONE',  ( -0.1058359432709524800, -0.09638577470724257700, -0.05591214498736418700 ) ) ;
#1646 = CARTESIAN_POINT ( 'NONE',  ( -0.06616405672904718300, 0.04842133793913445300, 0.08347252945991667800 ) ) ;
#1647 = PERSON_AND_ORGANIZATION_ROLE ( 'classification_officer' ) ;
#1648 = CARTESIAN_POINT ( 'NONE',  ( -0.06183594327095255600, 0.04842133793913613200, -0.08347252945991569300 ) ) ;
#1649 = CARTESIAN_POINT ( 'NONE',  ( -0.02883072339571391900, 0.04807866206086557800, -0.08367037347047999500 ) ) ;
#1650 = CARTESIAN_POINT ( 'NONE',  ( -0.07116927660428587500, -0.09661422529275742700, 0.05551645696623364000 ) ) ;
#1651 = CARTESIAN_POINT ( 'NONE',  ( -0.06349739006238051800, 0.09650000000000001600, -0.0001978440105633000700 ) ) ;
#1652 = CARTESIAN_POINT ( 'NONE',  ( -0.07516927660428587800, -0.04807866206086386400, -0.08367037347048099400 ) ) ;
#1653 = CARTESIAN_POINT ( 'NONE',  ( -0.01683072339571394300, 0.09661422529275630300, 0.05551645696623556300 ) ) ;
#1654 = CARTESIAN_POINT ( 'NONE',  ( -0.1178359432709524500, -0.04842133793913609000, 0.08347252945991572000 ) ) ;
#1655 = CARTESIAN_POINT ( 'NONE',  ( -0.09149739006238044600, -0.0002284505855125460800, -0.1114286019535977900 ) ) ;
#1656 = CARTESIAN_POINT ( 'NONE',  ( -0.07016405672904717200, -0.09638577470724370200, 0.05591214498736223800 ) ) ;
#1657 = CARTESIAN_POINT ( 'NONE',  ( -0.04583594327095259800, 0.04842133793913613200, -0.08347252945991569300 ) ) ;
#1658 = CARTESIAN_POINT ( 'NONE',  ( -0.1034973900623804300, -0.09650000000000001600, 0.0001978440105632882500 ) ) ;
#1659 = SHAPE_DEFINITION_REPRESENTATION ( #640, #475 ) ;
#1660 = CARTESIAN_POINT ( 'NONE',  ( -0.05250260993761925900, -0.0002284505855150382800, 0.1287491100292865500 ) ) ;
#1661 = CARTESIAN_POINT ( 'NONE',  ( -0.06349739006238051800, 0.09650000000000001600, -0.0001978440105633000700 ) ) ;
#1662 = CARTESIAN_POINT ( 'NONE',  ( -0.05683072339571386400, -0.09661422529275628900, -0.05551645696623559000 ) ) ;
#1663 = CARTESIAN_POINT ( 'NONE',  ( -0.08316927660428585800, 0.04807866206086389800, 0.08367037347048098000 ) ) ;
#1664 = CARTESIAN_POINT ( 'NONE',  ( 0.004830723395713966200, -0.05557866206086371100, -0.09666075452724765000 ) ) ;
#1665 = CARTESIAN_POINT ( 'NONE',  ( -0.07416405672904716200, -0.04842133793913441800, -0.08347252945991669200 ) ) ;
#1666 = CARTESIAN_POINT ( 'NONE',  ( -0.08349739006238046700, 0.0002284505855125597900, 0.1114286019535977900 ) ) ;
#1667 = CARTESIAN_POINT ( 'NONE',  ( -0.09383594327095250200, 0.04842133793913613200, -0.08347252945991569300 ) ) ;
#1668 = CARTESIAN_POINT ( 'NONE',  ( -0.1074973900623804300, -0.0002284505855125460800, -0.1114286019535977900 ) ) ;
#1669 = CARTESIAN_POINT ( 'NONE',  ( -0.07949739006238047700, 0.09650000000000001600, -0.0001978440105633000700 ) ) ;
#1670 = CARTESIAN_POINT ( 'NONE',  ( -0.1098359432709524700, 0.04842133793913613200, -0.08347252945991569300 ) ) ;
#1671 = CARTESIAN_POINT ( 'NONE',  ( -0.1354973900623803500, -0.09650000000000001600, 0.0001978440105632882500 ) ) ;
#1672 = CARTESIAN_POINT ( 'NONE',  ( -0.1168307233957137500, -0.04057866206086540400, 0.07067999241371353300 ) ) ;
#1673 = CARTESIAN_POINT ( 'NONE',  ( -0.004502609937619348800, -0.0002284505855150382800, 0.1287491100292865500 ) ) ;
#1674 = CARTESIAN_POINT ( 'NONE',  ( -0.07816405672904715200, 0.09638577470724371500, -0.05591214498736221700 ) ) ;
#1675 = CARTESIAN_POINT ( 'NONE',  ( -0.01650260993761932400, 0.1115000000000000200, 0.0001978440105654593400 ) ) ;
#1676 = CARTESIAN_POINT ( 'NONE',  ( -0.1274973900623803900, 0.09650000000000001600, -0.0001978440105633000700 ) ) ;
#1677 = EDGE_CURVE ( 'NONE', #1362, #290, #1400, .T. ) ;
#1678 = CIRCLE ( 'NONE', #1300, 0.007500000000000004100 ) ;
#1679 = CARTESIAN_POINT ( 'NONE',  ( -0.07016405672904717200, -0.08138577470724363300, 0.04725189094951801100 ) ) ;
#1680 = ORIENTED_EDGE ( 'NONE', *, *, #1099, .T. ) ;
#1681 = CARTESIAN_POINT ( 'NONE',  ( -0.09516927660428582700, 0.09661422529275742700, -0.05551645696623362000 ) ) ;
#1682 = CARTESIAN_POINT ( 'NONE',  ( -0.09250260993761914900, 0.0002284505855150540500, -0.1287491100292865500 ) ) ;
#1683 = CARTESIAN_POINT ( 'NONE',  ( -0.09016405672904713500, -0.04092133793913456400, -0.07048214840315004900 ) ) ;
#1684 = CARTESIAN_POINT ( 'NONE',  ( -0.06883072339571383300, -0.04057866206086540400, 0.07067999241371353300 ) ) ;
#1685 = CARTESIAN_POINT ( 'NONE',  ( -0.03250260993761929600, 0.1115000000000000200, 0.0001978440105654593400 ) ) ;
#1686 = DIRECTION ( 'NONE',  ( 0.02637920140857320400, -1.087899301893680000E-014, 0.9996520083174175200 ) ) ;
#1687 = CARTESIAN_POINT ( 'NONE',  ( -0.01816405672904727900, 0.05592133793913432000, 0.09646291051668333400 ) ) ;
#1688 = CARTESIAN_POINT ( 'NONE',  ( -0.05283072339571386700, -0.04057866206086540400, 0.07067999241371353300 ) ) ;
#1689 = CARTESIAN_POINT ( 'NONE',  ( -0.02216405672904726500, -0.08138577470724363300, 0.04725189094951801100 ) ) ;
#1690 = CARTESIAN_POINT ( 'NONE',  ( -0.09949739006238042500, 0.0002284505855127448900, 0.09410809387790901300 ) ) ;
#1691 = CARTESIAN_POINT ( 'NONE',  ( -0.03916927660428594400, -0.1116142252927575100, 0.06417671100407787400 ) ) ;
#1692 = CARTESIAN_POINT ( 'NONE',  ( -0.01949739006238061100, 0.0002284505855123745300, 0.1287491100292865500 ) ) ;
#1693 = CARTESIAN_POINT ( 'NONE',  ( -0.01683072339571394300, 0.08161422529275638700, 0.04685620292839103000 ) ) ;
#1694 = CARTESIAN_POINT ( 'NONE',  ( -0.04216405672904722400, -0.04092133793913456400, -0.07048214840315004900 ) ) ;
#1695 = CARTESIAN_POINT ( 'NONE',  ( -0.1138359432709524400, 0.1113857747072424900, 0.06457239902520871300 ) ) ;
#1696 = CARTESIAN_POINT ( 'NONE',  ( -0.1397844010564299200, 0.09649999999991605600, 0.7497390062380739900 ) ) ;
#1697 = CARTESIAN_POINT ( 'NONE',  ( -0.09783594327095249100, 0.1113857747072424900, 0.06457239902520871300 ) ) ;
#1698 = FACE_OUTER_BOUND ( 'NONE', #336, .T. ) ;
#1699 = CARTESIAN_POINT ( 'NONE',  ( -0.07683072339571381200, 0.04057866206086544600, -0.07067999241371350500 ) ) ;
#1700 = APPROVAL ( #404, 'UNSPECIFIED' ) ;
#1701 = DIRECTION ( 'NONE',  ( 0.9996520083174170700, 0.0000000000000000000, 0.02637920140858221100 ) ) ;
#1702 = CARTESIAN_POINT ( 'NONE',  ( -0.05650260993761924100, -0.08150000000000001700, -0.0001978440105651466300 ) ) ;
#1703 = CARTESIAN_POINT ( 'NONE',  ( -0.1005026099376191300, -0.0002284505855150382800, 0.1287491100292865500 ) ) ;
#1704 = CARTESIAN_POINT ( 'NONE',  ( -0.01283072339571395200, 0.04807866206086557800, -0.08367037347047999500 ) ) ;
#1705 = CARTESIAN_POINT ( 'NONE',  ( -0.09916927660428584400, 0.05557866206086376600, 0.09666075452724762200 ) ) ;
#1706 = CARTESIAN_POINT ( 'NONE',  ( -0.08349739006238048000, 0.0002284505855127448900, 0.09410809387790901300 ) ) ;
#1707 = CARTESIAN_POINT ( 'NONE',  ( -0.1328307233957137000, -0.04057866206086540400, 0.07067999241371353300 ) ) ;
#1708 = CARTESIAN_POINT ( 'NONE',  ( -0.09516927660428584100, 0.1116142252927575100, -0.06417671100407783300 ) ) ;
#1709 = CARTESIAN_POINT ( 'NONE',  ( -0.03549739006238057000, 0.0002284505855125597900, 0.1114286019535977900 ) ) ;
#1710 = EDGE_CURVE ( 'NONE', #1595, #620, #1008, .T. ) ;
#1711 = CARTESIAN_POINT ( 'NONE',  ( -0.06616405672904719600, 0.05592133793913432000, 0.09646291051668333400 ) ) ;
#1712 = CARTESIAN_POINT ( 'NONE',  ( -0.1328307233957137000, -0.04057866206086540400, 0.07067999241371353300 ) ) ;
#1713 = CARTESIAN_POINT ( 'NONE',  ( -0.03516927660428594700, 0.04057866206086403100, 0.07067999241371432400 ) ) ;
#1714 = CARTESIAN_POINT ( 'NONE',  ( -0.04716927660428593700, 0.1116142252927575100, -0.06417671100407783300 ) ) ;
#1715 = CARTESIAN_POINT ( 'NONE',  ( -0.03283072339571391200, 0.09661422529275630300, 0.05551645696623557600 ) ) ;
#1716 = CARTESIAN_POINT ( 'NONE',  ( -0.1034973900623804600, -0.1115000000000000200, 0.0001978440105631251300 ) ) ;
#1717 = CARTESIAN_POINT ( 'NONE',  ( -0.02050260993761930300, -0.0002284505855146678600, 0.09410809387790901300 ) ) ;
#1718 = CARTESIAN_POINT ( 'NONE',  ( -0.05149739006238054200, 0.0002284505855125597900, 0.1114286019535977900 ) ) ;
#1719 = CARTESIAN_POINT ( 'NONE',  ( -0.03783594327095260400, -0.04092133793913597200, 0.07048214840314923100 ) ) ;
#1720 = CARTESIAN_POINT ( 'NONE',  ( -0.02883072339571392300, 0.05557866206086570900, -0.09666075452724649800 ) ) ;
#1721 = CLOSED_SHELL ( 'NONE', ( #1587, #1482, #757, #1345, #788, #1451, #551, #652 ) ) ;
#1722 = CARTESIAN_POINT ( 'NONE',  ( -0.01683072339571394700, 0.09661422529275630300, 0.05551645696623557600 ) ) ;
#1723 = CARTESIAN_POINT ( 'NONE',  ( -0.09549739006238044900, 0.09650000000000001600, -0.0001978440105633000700 ) ) ;
#1724 = CARTESIAN_POINT ( 'NONE',  ( -0.07016405672904717200, -0.1113857747072438100, 0.06457239902520645100 ) ) ;
#1725 = CARTESIAN_POINT ( 'NONE',  ( -0.01516927660428599000, 0.08161422529275735900, -0.04685620292838939300 ) ) ;
#1726 = VERTEX_POINT ( 'NONE', #734 ) ;
#1727 = CARTESIAN_POINT ( 'NONE',  ( -0.01683072339571394300, 0.09661422529275630300, 0.05551645696623556300 ) ) ;
#1728 = CARTESIAN_POINT ( 'NONE',  ( -0.03383594327095262200, 0.08138577470724270300, 0.04725189094951961300 ) ) ;
#1729 = CARTESIAN_POINT ( 'NONE',  ( -0.1328307233957137000, -0.04807866206086553600, 0.08367037347048002200 ) ) ;
#1730 = CARTESIAN_POINT ( 'NONE',  ( -0.02616405672904726200, -0.05592133793913427900, -0.09646291051668333400 ) ) ;
#1731 = CARTESIAN_POINT ( 'NONE',  ( -0.1141640567290470900, 0.04842133793913445300, 0.08347252945991667800 ) ) ;
#1732 = CARTESIAN_POINT ( 'NONE',  ( -0.04216405672904723100, -0.05592133793913427900, -0.09646291051668333400 ) ) ;
#1733 = CARTESIAN_POINT ( 'NONE',  ( -0.03116927660428595700, 0.08161422529275735900, -0.04685620292838939300 ) ) ;
#1734 = CARTESIAN_POINT ( 'NONE',  ( -0.05683072339571386400, -0.09661422529275628900, -0.05551645696623559000 ) ) ;
#1735 = CARTESIAN_POINT ( 'NONE',  ( -0.08050260993761919300, 0.08150000000000001700, 0.0001978440105651366800 ) ) ;
#1736 = CARTESIAN_POINT ( 'NONE',  ( -0.007169276604286008900, -0.09661422529275741400, 0.05551645696623364000 ) ) ;
#1737 = CARTESIAN_POINT ( 'NONE',  ( -0.1205026099376191000, -0.1115000000000000200, -0.0001978440105654729500 ) ) ;
#1738 = CARTESIAN_POINT ( 'NONE',  ( -0.1008307233957137800, -0.04807866206086553600, 0.08367037347048002200 ) ) ;
#1739 = CARTESIAN_POINT ( 'NONE',  ( -0.1074973900623804500, -0.0002284505855123587500, -0.1287491100292865500 ) ) ;
#1740 = CARTESIAN_POINT ( 'NONE',  ( -0.008502609937619334100, -0.08150000000000001700, -0.0001978440105651466300 ) ) ;
#1741 = CARTESIAN_POINT ( 'NONE',  ( -0.06749739006238050800, 0.0002284505855125597900, 0.1114286019535977900 ) ) ;
#1742 = CARTESIAN_POINT ( 'NONE',  ( -0.08583594327095250800, -0.04092133793913597200, 0.07048214840314923100 ) ) ;
#1743 = CARTESIAN_POINT ( 'NONE',  ( -0.01916927660428598500, 0.04807866206086389800, 0.08367037347048098000 ) ) ;
#1744 = CARTESIAN_POINT ( 'NONE',  ( -0.01949739006238061100, 0.0002284505855123745300, 0.1287491100292865500 ) ) ;
#1745 = CARTESIAN_POINT ( 'NONE',  ( -0.08483072339571379200, -0.04807866206086553600, 0.08367037347048002200 ) ) ;
#1746 = CARTESIAN_POINT ( 'NONE',  ( -0.03149739006238057300, 0.08150000000000001700, -0.0001978440105634613700 ) ) ;
#1747 = CARTESIAN_POINT ( 'NONE',  ( -0.04349739006238056300, -0.0002284505855125460800, -0.1114286019535977900 ) ) ;
#1748 = CARTESIAN_POINT ( 'NONE',  ( -0.04583594327095259800, 0.04092133793913600700, -0.07048214840314920300 ) ) ;
#1749 = LOCAL_TIME ( 10, 58, 55.00000000000000000, #309 ) ;
#1750 = CARTESIAN_POINT ( 'NONE',  ( -0.02883072339571391900, 0.04807866206086557800, -0.08367037347047999500 ) ) ;
#1751 = CARTESIAN_POINT ( 'NONE',  ( -0.09916927660428581600, 0.04057866206086403100, 0.07067999241371432400 ) ) ;
#1752 = CARTESIAN_POINT ( 'NONE',  ( -0.06316927660428589600, 0.09661422529275741400, -0.05551645696623361300 ) ) ;
#1753 = CARTESIAN_POINT ( 'NONE',  ( -0.04616405672904720000, 0.1113857747072438100, -0.06457239902520645100 ) ) ;
#1754 = EDGE_CURVE ( 'NONE', #10, #1513, #1678, .T. ) ;
#1755 = CARTESIAN_POINT ( 'NONE',  ( -0.09149739006238044600, -0.0002284505855125461000, -0.1114286019535977900 ) ) ;
#1756 = CARTESIAN_POINT ( 'NONE',  ( -0.05650260993761924100, -0.08150000000000001700, -0.0001978440105651466300 ) ) ;
#1757 = CARTESIAN_POINT ( 'NONE',  ( -0.07250260993761922800, -0.08150000000000001700, -0.0001978440105651466300 ) ) ;
#1758 = CARTESIAN_POINT ( 'NONE',  ( -0.05116927660428592000, 0.04807866206086389800, 0.08367037347048098000 ) ) ;
#1759 = CARTESIAN_POINT ( 'NONE',  ( -0.02883072339571391900, 0.04807866206086557800, -0.08367037347047999500 ) ) ;
#1760 = CARTESIAN_POINT ( 'NONE',  ( -0.09016405672904713500, -0.04842133793913441800, -0.08347252945991669200 ) ) ;
#1761 = CARTESIAN_POINT ( 'NONE',  ( -0.04050260993761927600, -0.08150000000000001700, -0.0001978440105651466300 ) ) ;
#1762 = CARTESIAN_POINT ( 'NONE',  ( -0.1031692766042858200, -0.08161422529275734500, 0.04685620292838939300 ) ) ;
#1763 = CARTESIAN_POINT ( 'NONE',  ( -0.07116927660428587500, -0.09661422529275741400, 0.05551645696623364000 ) ) ;
#1764 = CARTESIAN_POINT ( 'NONE',  ( -0.1128307233957137300, 0.1116142252927561800, 0.06417671100408009500 ) ) ;
#1765 = PERSON_AND_ORGANIZATION_ROLE ( 'creator' ) ;
#1766 = CC_DESIGN_APPROVAL ( #458, ( #960 ) ) ;
#1767 = CARTESIAN_POINT ( 'NONE',  ( -0.05783594327095258800, -0.08138577470724267500, -0.04725189094951964100 ) ) ;
#1768 = CARTESIAN_POINT ( 'NONE',  ( -0.07383594327095252500, -0.09638577470724257700, -0.05591214498736418700 ) ) ;
#1769 = CARTESIAN_POINT ( 'NONE',  ( -0.09916927660428583000, 0.04807866206086389800, 0.08367037347048098000 ) ) ;
#1770 = CARTESIAN_POINT ( 'NONE',  ( -0.01149739006238062300, -0.0002284505855125460800, -0.1114286019535977900 ) ) ;
#1771 = FACE_OUTER_BOUND ( 'NONE', #1231, .T. ) ;
#1772 = CARTESIAN_POINT ( 'NONE',  ( 0.0000000000000000000, 0.0000000000000000000, 0.0000000000000000000 ) ) ;
#1773 = CARTESIAN_POINT ( 'NONE',  ( -0.08983594327095249800, -0.08138577470724267500, -0.04725189094951964100 ) ) ;
#1774 = CIRCLE ( 'NONE', #843, 0.007499999999999993700 ) ;
#1775 = CARTESIAN_POINT ( 'NONE',  ( -0.07250260993761921400, -0.09650000000000001600, -0.0001978440105653098000 ) ) ;
#1776 = CARTESIAN_POINT ( 'NONE',  ( -0.01549739006238061400, 0.09650000000000001600, -0.0001978440105633000700 ) ) ;
#1777 = CARTESIAN_POINT ( 'NONE',  ( -0.1074973900623804500, -0.0002284505855123587500, -0.1287491100292865500 ) ) ;
#1778 = EDGE_CURVE ( 'NONE', #1362, #1572, #1210, .T. ) ;
#1779 = CARTESIAN_POINT ( 'NONE',  ( -0.03783594327095261100, -0.04842133793913609000, 0.08347252945991572000 ) ) ;
#1780 = CARTESIAN_POINT ( 'NONE',  ( -0.05683072339571386400, -0.09661422529275628900, -0.05551645696623559000 ) ) ;
#1781 = CARTESIAN_POINT ( 'NONE',  ( -0.03916927660428593700, -0.09661422529275742700, 0.05551645696623364000 ) ) ;
#1782 = CARTESIAN_POINT ( 'NONE',  ( -0.09383594327095250200, 0.04842133793913613200, -0.08347252945991569300 ) ) ;
#1783 = CARTESIAN_POINT ( 'NONE',  ( -0.01683072339571394300, 0.09661422529275630300, 0.05551645696623556300 ) ) ;
#1784 = CARTESIAN_POINT ( 'NONE',  ( -0.02850260993761930000, 0.0002284505855148666800, -0.1114286019535977900 ) ) ;
#1785 = CARTESIAN_POINT ( 'NONE',  ( -0.05949739006238052900, -0.0002284505855125460800, -0.1114286019535977900 ) ) ;
#1786 = CARTESIAN_POINT ( 'NONE',  ( -0.05916927660428589900, -0.04807866206086386400, -0.08367037347048099400 ) ) ;
#1787 = CARTESIAN_POINT ( 'NONE',  ( -0.1098359432709524700, 0.04842133793913613200, -0.08347252945991569300 ) ) ;
#1788 = CARTESIAN_POINT ( 'NONE',  ( -0.06083072339571386100, 0.04807866206086557800, -0.08367037347047999500 ) ) ;
#1789 =( NAMED_UNIT ( * ) SI_UNIT ( $, .STERADIAN. ) SOLID_ANGLE_UNIT ( ) );
#1790 = CARTESIAN_POINT ( 'NONE',  ( 0.006164056729047298400, -0.09638577470724257700, -0.05591214498736418700 ) ) ;
#1791 = CARTESIAN_POINT ( 'NONE',  ( -0.05549739006238053900, -0.09650000000000001600, 0.0001978440105632882500 ) ) ;
#1792 = CARTESIAN_POINT ( 'NONE',  ( -0.08050260993761919300, 0.09650000000000001600, 0.0001978440105652979800 ) ) ;
#1793 = CARTESIAN_POINT ( 'NONE',  ( -0.08450260993761919700, -0.0002284505855148530700, 0.1114286019535977900 ) ) ;
#1794 = CARTESIAN_POINT ( 'NONE',  ( -0.1181640567290470900, -0.09638577470724370200, 0.05591214498736223800 ) ) ;
#1795 = CARTESIAN_POINT ( 'NONE',  ( -0.02583594327095263900, -0.09638577470724257700, -0.05591214498736418700 ) ) ;
#1796 = CARTESIAN_POINT ( 'NONE',  ( -0.07949739006238047700, 0.09650000000000001600, -0.0001978440105633000700 ) ) ;
#1797 = CARTESIAN_POINT ( 'NONE',  ( -0.01516927660428599000, 0.1116142252927575100, -0.06417671100407783300 ) ) ;
#1798 = CARTESIAN_POINT ( 'NONE',  ( -0.08083072339571381600, 0.09661422529275630300, 0.05551645696623556300 ) ) ;
#1799 = CARTESIAN_POINT ( 'NONE',  ( -0.1021640567290470900, -0.09638577470724370200, 0.05591214498736223800 ) ) ;
#1800 = CARTESIAN_POINT ( 'NONE',  ( -0.02716927660428596800, -0.04807866206086386400, -0.08367037347048099400 ) ) ;
#1801 = CARTESIAN_POINT ( 'NONE',  ( -0.1301640567290470500, 0.04842133793913445300, 0.08347252945991667800 ) ) ;
#1802 = CARTESIAN_POINT ( 'NONE',  ( -0.05650260993761924100, -0.1115000000000000200, -0.0001978440105654729500 ) ) ;
#1803 = CARTESIAN_POINT ( 'NONE',  ( -0.1194973900623804000, -0.09650000000000001600, 0.0001978440105632882500 ) ) ;
#1804 = CARTESIAN_POINT ( 'NONE',  ( -0.05016405672904721700, 0.04842133793913445300, 0.08347252945991667800 ) ) ;
ENDSEC;
END-ISO-10303-21;
